world utility per tick,agent count,min curiosity,max curiosity,mean curiosity,Skewness curiosity,standard deviation curiosity,min iUtilityPerTick,max iUtilityPerTick,mean iUtilityPerTick,Skewness iUtilityPerTick,standard deviation iUtilityPerTick,min money,max money,mean money,Skewness money,standard deviation money,mean isEducated,Skewness isEducated,standard deviation isEducated,job count,min wages,max wages,mean wages,Skewness wages,standard deviation wages,min educatedBonusWages,max educatedBonusWages,mean educatedBonusWages,Skewness educatedBonusWages,standard deviation educatedBonusWages,min reputation,max reputation,mean reputation,Skewness reputation,standard deviation reputation,school count,min school price,max school price,mean school price,Skewness school price,standard deviation school price,min school reputation,max school reputation,mean school reputation,Skewness school reputation,standard deviation school reputation,min school suffering,max school suffering,mean school suffering,Skewness school suffering,standard deviation school suffering,terminal tick count,ticks per second,batch size,forced model termination,blind mode
136.4250775,28,0.015757184,0.986751637,0.502552286,-0.109734759,0.316062445,3.139981779,5.957928328,4.872324197,-0.696590251,0.790744025,-1.785992513,2.045331099,-0.201013685,0.300672801,1.06577488,0.428571429,0.305278997,0.494871659,1303,0.000594917,3.123983307,0.817543602,0.852369535,0.609397521,-3.15720741,3.306296253,0.050218454,-0.00977593,0.981786109,-3.294888279,3.576626794,0.048214459,0.167189933,1.023218327,123,0.004921994,3.102924337,0.732073699,1.428351334,0.603962872,-1.905339426,3.612587142,0.079936499,0.340510052,0.98066254,-2.720347795,2.267736279,-0.009957489,-0.248210997,-0.248210997,1003,13,4,FALSE,TRUE
143.3537477,30,0.016251507,0.929389392,0.523567459,-0.464347043,0.276445427,2.168180232,6.735503154,4.778458256,0.501502324,1.020810591,-2.194453877,1.456988538,0.048168614,-0.927343823,0.836464531,0.533333333,-0.14076918,0.498887652,1322,0.003943067,4.062672231,0.780752531,1.07033316,0.614402108,-3.474024301,3.508556969,0.011177041,-0.01073008,0.967577849,-3.883603442,4.238291371,-0.007747263,0.074924131,1.028516244,119,0.02909419,2.273492115,0.821457163,0.765734605,0.549986533,-2.214041156,2.883962856,0.117950372,0.214665572,0.971931996,-2.622468371,2.030162447,-0.012904412,-0.141017466,-0.141017466,1003,13,4,FALSE,TRUE
156.3857948,34,0.025713973,0.970280329,0.464014998,0.396510317,0.278009362,3.461939075,5.974777357,4.599582201,0.627557207,0.745117651,-1.884181274,2.528596238,-0.423130026,0.844906899,0.922488354,0.352941176,0.644235254,0.477884612,1231,0.000236602,3.674443253,0.810143784,1.027869217,0.614726444,-2.974256744,3.643408616,-0.027334382,-0.06594705,0.969215586,-3.478506438,3.357385572,-0.041361033,-0.085810081,0.986238945,108,0.001048527,2.576940431,0.704108466,1.024734654,0.493807071,-2.41933663,2.45093221,0.084084413,-0.136148927,1.009873602,-2.424971257,2.069517625,0.048399462,-0.246600707,-0.246600707,1004,11,4,FALSE,TRUE
175.856047,37,0.006737647,0.96146484,0.459720085,-0.014526468,0.295143932,2.214740634,8.272660033,4.752866136,0.499077759,1.358660401,-2.20406512,2.521037668,-0.084100726,0.207106169,0.980326972,0.432432432,0.284435916,0.495413589,1317,0.001918785,3.334193626,0.795522038,0.888663082,0.594562887,-3.601400603,4.356706516,0.067702375,0.123124199,0.980693641,-3.380050781,3.263263392,-0.001175606,-0.077993781,0.994918119,140,0.005113071,2.468095286,0.853312946,0.791675182,0.641026663,-3.044718054,2.219909696,0.03688107,-0.194783917,1.024132176,-1.935499576,2.574280969,0.001011576,0.247289711,0.247289711,1002,10,4,FALSE,TRUE
10.25888407,2,0.610797947,0.841505776,0.726151862,0,0.115353914,5.129442033,5.129442033,5.129442033,0,0,-1.709338339,-0.911141992,-1.310240165,0,0.399098174,0,0,0,1329,0.003755834,4.306198876,0.813571511,1.08287821,0.611777153,-3.830185026,3.605191603,0.021842819,-0.090398033,0.994863817,-3.128625707,4.252582613,-0.017087613,0.077311774,1.003371205,123,0.010312247,3.006489606,0.858563157,0.926625187,0.629159867,-2.255337886,2.631200796,0.075549094,-0.103136115,1.073727101,-3.092887795,3.02579345,0.174903807,-0.157278797,-0.157278797,1006,12,15,FALSE,TRUE
15.98880636,3,0.334627739,0.845428119,0.650848244,-1.597222209,0.225575692,3.868764982,6.545993669,5.329602119,-0.78525606,1.106557302,-0.548286861,1.702530186,0.397287986,1.254546837,0.95343757,0.666666667,-1.732050808,0.471404521,1357,0.00023288,3.513640977,0.803505116,1.053414252,0.617923724,-3.125080986,3.183614704,0.015501054,0.099676554,1.008847231,-2.934724394,3.290465746,-0.03033432,0.115933995,0.973925441,160,0.010364306,2.713485114,0.806298086,1.069605324,0.612650713,-2.994217198,2.06652452,-0.15692555,-0.059240499,0.918251883,-3.153432095,2.513083013,-0.063947877,0.037166904,0.037166904,1004,11,15,FALSE,TRUE
19.36663038,4,0.001035647,0.978044945,0.582543882,-0.983543598,0.374586397,2.376299391,5.861683618,4.841657595,-1.83889265,1.443934086,-2.0998296,1.232687072,-0.007571439,-0.930099957,1.370108547,0.5,0,0.5,1303,0.001283336,3.665779377,0.805528877,1.102549073,0.62835768,-3.303669529,3.166855625,-0.01106864,-0.093370583,1.007906307,-3.47878642,3.881474401,0.016559032,0.037238775,1.020840785,132,0.01038606,2.915099155,0.729696514,1.162179228,0.57409817,-2.203864878,3.354826544,-0.009731753,0.122690507,1.11405243,-2.291936094,2.651305515,0.023294572,-0.159584319,-0.159584319,1004,10,15,FALSE,TRUE
77.52071205,16,0.083475798,0.951150885,0.454937139,0.390929386,0.291047727,3.916201607,5.708954835,4.845044503,0.121684458,0.531569764,-1.360585203,2.191501867,0.069846165,0.549934242,0.999797687,0.5,1.07E-16,0.5,1347,0.000529705,3.671342993,0.789625764,1.050688302,0.619012652,-2.941571979,4.033292303,0.068301046,-0.006689265,1.009048627,-3.219910408,3.453124495,-0.013007278,0.002628035,0.994534919,126,0.001557276,2.850899513,0.824896147,0.976564507,0.612474511,-2.087060679,2.499411735,-0.00201634,0.122450612,0.877293974,-2.296374076,2.875420809,-0.022949428,0.10192702,0.10192702,1003,5,15,FALSE,TRUE
97.48582418,19,0.077825303,0.971356902,0.540504134,-0.059696712,0.288691913,2.79004946,5.828486959,5.130832852,-1.78549465,0.809453704,-2.192637611,1.805717577,0.110211894,-0.224264619,0.870727611,0.684210526,-0.862213603,0.464829519,1360,0.000831703,3.662520563,0.785561593,1.043970856,0.608510245,-3.095658382,4.167123031,0.026057722,0.103315885,1.00082616,-3.3960537,3.14925542,-0.025881337,-0.033178173,0.980236731,102,0.001439205,2.681534908,0.895079828,0.740678526,0.632027008,-2.719967413,2.859858973,-0.018435522,0.146420109,1.049730001,-2.973474478,2.151478424,-0.112605945,-0.22100947,-0.22100947,1001,5,15,FALSE,TRUE
98.8072983,19,0.08973117,0.916235986,0.548430884,-0.410141607,0.224146603,4.047184701,6.331025288,5.200384121,0.121659043,0.681152117,-1.831447213,1.402713441,-0.170006484,-0.412293001,0.976580107,0.526315789,-0.114668169,0.499306999,1318,9.59E-05,3.74734434,0.802604106,0.959983385,0.600876583,-3.363209632,3.348358563,0.032819327,0.011726469,1.035825138,-3.012130618,3.55483051,0.011740049,0.129629669,0.999708666,126,0.008789736,2.473406272,0.82981634,0.814071253,0.562581735,-2.513818484,2.121790363,0.016687022,-0.211390562,1.023611163,-2.366453555,3.141513075,-0.027730585,0.20627034,0.20627034,1003,5,15,FALSE,TRUE
105.4513559,21,0.13254775,0.872291969,0.437986851,0.206434458,0.22587872,3.771128839,6.581146467,5.021493137,0.729875085,0.689010291,-1.941366952,2.112202481,0.095639273,0.103779961,0.933598366,0.523809524,-0.102842992,0.499432785,1373,0.000902143,3.520834813,0.819209738,1.023764625,0.611361582,-3.833311896,3.526722309,-0.012703191,0.028384839,1.0087329,-3.093907626,3.221524637,0.018897802,0.04173584,0.949808753,132,0.025057962,3.229000491,0.888441787,0.902624379,0.715172129,-2.248099657,2.597940726,0.015648427,0.059468293,0.925243495,-2.468277569,2.163246795,-0.029414703,-0.080420188,-0.080420188,1002,4,15,FALSE,TRUE
113.8735039,22,0.023557023,0.965499408,0.482179146,0.196124577,0.300403919,2.562282556,6.855455746,5.176068361,-0.338662269,0.992851774,-2.415186645,1.36733927,-0.21773047,-0.881567415,0.998308504,0.545454545,-0.196214169,0.497929598,1205,0.000119829,3.709222092,0.800748107,1.048893943,0.603458451,-2.633642305,3.175952848,-0.006718066,0.016171993,0.998749755,-2.920681592,3.193071473,-0.000515079,0.074381016,1.024233051,133,0.023317948,2.425013814,0.813124905,0.589528944,0.573962942,-2.364198952,3.750603836,0.045830263,0.246442478,1.036450959,-2.508297978,2.950366444,0.15201553,0.166702337,0.166702337,1003,4,15,FALSE,TRUE
93.91498863,24,0.000422137,0.933901088,0.467884517,-0.121286032,0.278129064,0.999697692,5.156187241,3.913124526,-1.851980431,0.796595265,-2.446632747,1.482358301,-0.418918224,0.125861886,1.042462026,0.291666667,0.978979003,0.454529671,1331,0.001135286,3.476568181,0.78046552,0.939138382,0.591877912,-3.279711139,3.722704503,0.022162267,0.039997377,0.983476077,-2.904957664,3.000939259,0.039456693,0.148654992,0.954087126,121,0.00680399,2.597258582,0.739702241,1.134233468,0.596871098,-3.225401764,2.627770532,-0.126941547,0.093385949,0.96703742,-2.355066703,4.010023773,0.059268866,0.485843541,0.485843541,1003,4,15,FALSE,TRUE
142.8002401,26,0.00807199,0.907466075,0.455312547,-0.092720144,0.264259672,2.755553797,7.717102938,5.492316927,0.390809456,1.412167259,-1.422077396,1.502273387,-0.038986645,-0.06122018,0.801218914,0.615384615,-0.503891109,0.486504255,1317,0.00194178,3.289222441,0.801043109,0.941816177,0.601375376,-3.602263511,3.438682145,-0.01276693,-0.004496942,1.005359092,-3.244531433,3.745101326,0.04760821,0.066099689,1.0016901,128,0.000605879,2.687822403,0.750284061,1.164127373,0.623638951,-3.730420211,2.54272879,-0.08478777,-0.248754375,1.155478652,-2.276645882,2.40579933,0.02534019,0.185336307,0.185336307,1003,4,15,FALSE,TRUE
126.0469948,28,0.018729245,0.958023628,0.5275165,-0.219007772,0.29512223,3.416743833,5.701417891,4.501678384,-0.379633318,0.583346704,-1.289986709,3.17481905,0.017252372,1.480695519,0.936384292,0.357142857,0.630581586,0.479157424,1316,0.001329603,3.704688184,0.780198465,1.086221148,0.604835408,-2.917388619,2.866262695,-0.00987696,-0.069580079,1.002906221,-3.153287239,2.796135801,-0.020650764,-0.111086558,0.973378996,135,0.023564477,2.698820724,0.734240528,1.198673119,0.587548035,-2.337319869,2.476969243,0.013392749,0.133190504,0.941556437,-3.243357,2.134806169,-0.044794593,-0.195536454,-0.195536454,1003,4,15,FALSE,TRUE
140.7712276,28,0.068609048,0.980290321,0.48330866,0.574653938,0.257471566,3.449953544,6.585068195,5.027543841,0.222577122,1.051298055,-2.154613021,2.376583254,-0.099670355,0.121289316,1.012489295,0.428571429,0.305278997,0.494871659,1292,0.001247481,3.120265637,0.811017211,0.913528742,0.604314441,-3.362093772,3.293836573,-0.0582776,0.103202311,0.987542087,-3.524886721,3.521574448,0.015171563,-0.112848931,0.961106159,133,0.001080988,2.60631312,0.77447133,1.080363994,0.573280601,-2.542368144,2.864436207,0.03889313,0.162665212,0.962779054,-2.363942607,2.224370202,-0.025342484,0.050388068,0.050388068,1001,4,15,FALSE,TRUE
144.8236191,30,0.018129164,0.981684342,0.478838168,-0.194942989,0.259651355,1.714782805,6.71442554,4.827453969,0.069682844,1.216926442,-1.333695058,1.412435766,0.03583479,-0.080590826,0.735018552,0.533333333,-0.14076918,0.498887652,1282,8.37E-05,3.841826243,0.795651156,0.884195087,0.590957369,-3.841910043,2.971741389,-0.037175824,-0.112661171,0.976323121,-2.964823393,2.879157328,0.035598514,0.021894337,0.980797959,132,0.002992888,3.029576597,0.730777571,1.258879298,0.568770866,-2.45013116,2.537447467,-0.001412676,0.147283165,1.013512541,-2.46647168,3.284159968,0.074453206,0.091263385,0.091263385,1001,4,15,FALSE,TRUE
162.5869362,35,0.00182227,0.920753852,0.416951282,0.26462767,0.269357332,0.018554713,6.050641761,4.645341033,-2.109035027,1.095269196,-2.478896105,2.516479359,0.041788995,0.00524237,1.016489959,0.4,0.426760206,0.489897949,1341,0.002807868,3.427078968,0.798354198,1.009067301,0.616011805,-3.38011925,3.221328479,0.008873739,-0.056826889,1.008205744,-3.598161287,3.791615431,-0.051026133,-0.084682279,0.976293602,147,0.001589225,2.775507948,0.8109111,0.950335163,0.669785653,-2.353129765,1.989725347,0.040929268,-0.117369123,0.982704364,-2.702278111,2.505369244,-0.093560104,0.120232227,0.120232227,1001,4,15,FALSE,TRUE
184.4097505,36,0.045212998,0.982839784,0.557817189,-0.31295512,0.27399362,3.388084315,6.281887462,5.122493069,-0.051512948,0.934694701,-2.867722939,1.507290274,-0.023626424,-0.915027532,0.950499504,0.555555556,-0.233448645,0.496903995,1277,0.000266479,3.843827332,0.832770358,0.950434659,0.614566904,-3.496336933,3.545511279,0.009077495,0.077229639,1.017717144,-3.10689401,3.501534615,0.018159538,0.028588111,1.017538865,136,0.01586685,3.311859302,0.776938711,1.273711998,0.592165144,-2.395139697,3.212670004,-0.006346675,0.2365855,0.976070769,-2.780351236,2.312138147,-0.062381344,-0.079649763,-0.079649763,1002,4,15,FALSE,TRUE
71.32631039,14,0.033622095,0.720782187,0.471586762,-1.07342314,0.232274304,2.615241178,6.674700026,5.094736456,-0.470201286,1.270276614,-2.389605556,2.117703339,-0.255721498,0.235424529,0.955510188,0.357142857,0.670360139,0.479157424,1303,0.000826349,3.66258294,0.79031225,1.058274236,0.59373886,-3.502672017,3.178363659,-0.017640512,-0.017778292,0.9827047,-3.064977712,3.400900652,0.008055706,-0.082409759,0.999848542,121,0.003524233,2.856224809,0.789323403,0.823855747,0.610543981,-2.339138882,2.412979843,-0.029289893,-0.07203835,0.940004778,-2.264692519,3.164091383,0.067498175,0.319567762,0.319567762,1010,28,1,FALSE,TRUE
64.37420084,12,0.03347359,0.991058258,0.65299231,-1.201047308,0.2473142,3.896625856,6.125632159,5.364516737,-0.599008003,0.704176641,-2.368807128,1.519564566,-0.376746324,-0.32080213,1.03232054,0.416666667,0.388403325,0.493006649,1320,0.000724095,3.734294887,0.78644321,1.162319351,0.61966116,-3.017244235,3.743016369,-0.037668131,0.028533158,1.026611241,-3.304145542,3.294931543,0.037704442,0.028391682,1.011169762,128,0.011921001,3.605670731,0.958578182,1.072393221,0.689491432,-2.835854407,2.366130072,0.025310941,-0.081805852,1.050788302,-2.830509067,3.428348113,-0.138681004,0.308887477,0.308887477,1006,16,5,FALSE,TRUE
59.70443552,13,0.02456365,0.986657148,0.532169923,-0.052964397,0.261537191,2.635350473,6.396477201,4.592648886,-0.333374161,0.78813011,-1.853027572,1.507337244,-0.308394763,0.237565372,0.83249439,0.153846154,2.178716804,0.360801212,1199,0.000767003,3.217675762,0.790090699,0.967814765,0.593124391,-3.930781228,4.184206704,0.067341851,-0.021734987,1.039467815,-3.256054176,3.186984533,-0.015755296,-0.035236228,1.006525759,128,0.007302555,2.575604767,0.831863575,0.885149861,0.551831992,-3.504210778,3.032771955,-0.066147953,0.028669723,1.134791659,-2.666471524,2.20409263,-0.130860853,-0.14677178,-0.14677178,1008,15,5,FALSE,TRUE
102.2021497,22,0.093773372,0.920473031,0.489447866,-0.028645039,0.232383723,3.137245931,5.344979716,4.645552257,-0.875582564,0.551919896,-2.30125607,2.53184434,-0.03606111,0.073338545,1.034903708,0.5,4.34E-17,0.5,1283,0.00081918,3.58178008,0.78581989,0.99260161,0.594104937,-3.191248865,2.891279856,-0.008184079,0.019982199,1.003481661,-3.407111163,3.247829297,0.014620532,-0.026483075,1.026691483,126,0.010912325,2.331731142,0.847862876,0.615406985,0.5571457,-2.00266849,2.548552618,0.005639147,0.27339542,0.992384401,-2.454954223,2.463472756,-0.209676479,0.085092164,0.085092164,1007,11,5,FALSE,TRUE
105.9278386,24,0.017106607,0.978866712,0.461642652,-0.090710959,0.267012927,2.911235992,5.769078838,4.413659941,0.276200159,0.676423242,-1.997955843,2.028134666,-0.286155134,0.298233581,0.861214257,0.375,0.55148185,0.484122918,1327,0.000282233,3.173630874,0.770405551,0.978573469,0.579552728,-3.112392285,3.282582205,0.00778843,0.040372573,0.975991585,-2.988347542,3.134348128,0.007317957,0.001030591,1.008857173,118,0.009538414,2.777615922,0.865303636,0.792589166,0.631101563,-2.131497014,2.626427116,-0.129488057,0.214606325,0.951405048,-3.000931709,2.669740397,0.077746816,-0.380348406,-0.380348406,1001,10,5,FALSE,TRUE
196.8744458,38,0.065938738,0.998347273,0.573700243,-0.169081289,0.291241135,3.423176082,5.987203056,5.180906469,-0.685344918,0.655309524,-2.297734744,2.479563584,-0.025056031,-0.039844223,0.942945081,0.526315789,-0.109791547,0.499306999,1271,0.001561516,3.553363371,0.796451164,0.923314361,0.605854352,-3.394731525,3.168602134,0.004041509,-0.047616147,0.999712326,-2.812379336,3.437687394,0.002132534,0.122338268,1.000212507,144,0.007129847,3.292199376,0.896280832,1.016618809,0.637603718,-2.928912106,2.287875127,0.043509569,-0.287702159,0.99502334,-2.455595831,2.624435753,0.012076223,0.146306161,0.146306161,1001,7,5,FALSE,TRUE
6.110176812,1,0.754729279,0.754729279,0.754729279,0,0,6.110176812,6.110176812,6.110176812,0,0,0.043501062,0.043501062,0.043501062,0,0,1,0,0,1314,3.45E-06,3.102190849,0.798250354,0.942488838,0.60354838,-2.891220434,3.402743935,-0.014681114,-0.022879131,1.010504553,-2.997759886,3.281472811,-0.000589062,0.046785567,0.981742902,134,0.021779982,3.783295335,0.872653763,1.297558802,0.659569523,-3.551444816,2.745835867,0.004953045,-0.025566686,1.031828269,-2.38967276,2.710744132,0.07899724,0.104463806,0.104463806,1004,13,18,FALSE,TRUE
9.398504319,2,0.516590897,0.876338996,0.696464947,0,0.17987405,4.120147186,5.278357133,4.69925216,0,0.579104973,0.402338698,1.83029796,1.116318329,0,0.713979631,0.5,0,0.5,1275,4.47E-05,3.215552495,0.771172859,1.038279094,0.599392537,-2.907761586,3.883228303,0.008751021,0.144421907,0.993695148,-2.808805054,4.48818092,0.018631539,0.090067098,1.023785417,137,0.000679136,2.663276122,0.730011629,1.106920087,0.559130657,-2.057524669,2.29821411,0.055132907,0.017352041,0.91062325,-2.344389933,3.310306439,0.052315757,0.174287743,0.174287743,1004,11,18,FALSE,TRUE
19.23234191,4,0.107902526,0.793931242,0.497858923,-0.696134636,0.261901503,3.781814769,5.499626711,4.808085477,-0.60148784,0.715679084,-0.535809368,2.737975573,0.692217725,1.361768692,1.255825671,0.5,0,0.5,1350,0.000176058,2.968271037,0.791379871,0.822152214,0.583840144,-3.580330586,3.246549071,0.004404959,0.053353216,0.995993318,-3.297262916,3.433664158,0.011203886,-0.013115186,0.969287105,133,0.009958589,3.239640084,0.852032341,1.200338551,0.619298847,-2.433934129,3.094508355,0.034999254,0.208711693,0.99286123,-2.393206941,2.942748615,-0.046168885,-0.002510045,-0.002510045,1002,9,18,FALSE,TRUE
24.39075734,5,0.35093865,0.994639998,0.638836575,0.510634932,0.244542252,4.121593876,5.505534245,4.878151469,-0.552030261,0.621501545,-1.451309361,1.65243074,-0.087452993,0.658987924,1.052093593,0.4,0.608580619,0.489897949,1290,0.000740889,3.312824234,0.80861901,0.789078377,0.591514303,-2.969687181,2.870338127,0.01416506,0.026059736,0.992672932,-3.663107001,3.318557496,-0.014155153,-0.0611358,0.993334443,121,0.002455649,2.347344777,0.746920791,0.895758942,0.565379053,-1.812918051,3.501062625,0.095987144,0.825097303,0.901500071,-2.343953685,2.88123498,-0.062092794,0.364219736,0.364219736,1005,9,18,FALSE,TRUE
38.96416509,9,0.04736761,0.980987142,0.440019938,0.281842978,0.310167411,3.051533624,5.240883112,4.329351676,-0.230003001,0.674714433,-1.162020547,0.609036298,-0.368577472,0.115446611,0.532086321,0.222222222,1.619847741,0.41573971,1328,0.002930808,4.591913176,0.836339217,1.20194868,0.642267856,-2.993350901,3.363074515,0.017521359,0.003783997,0.985276717,-3.92705716,3.688423257,-0.004958301,-0.074956284,0.970162239,128,0.023743502,3.046159085,0.868585757,0.993956984,0.653262932,-2.301636355,3.25998977,-0.06880397,0.45194958,0.983155857,-2.480749662,2.438157044,0.07948349,-0.219529629,-0.219529629,1003,7,18,FALSE,TRUE
55.6360852,12,0.072594716,0.981281198,0.351620568,1.392607964,0.271902784,3.694971066,5.415001263,4.636340433,-0.536259524,0.528758834,-2.548632348,0.956064911,-0.352894908,-1.306032576,0.909422773,0.416666667,0.388403325,0.493006649,1319,0.000638271,3.366544741,0.804458605,0.919784436,0.602366355,-3.029053814,3.318182996,0.019430294,0.028367668,0.986613737,-3.044784577,3.89969108,0.009035731,-0.002746516,1.005760409,121,0.001518011,3.06788133,0.766666382,1.052374176,0.5970584,-2.629647688,2.336944133,0.039448416,0.057614864,1.054998305,-2.055138048,2.887348209,0.06215547,0.378599509,0.378599509,1002,6,18,FALSE,TRUE
63.36071833,13,0.249945458,0.98085393,0.574211872,0.406672286,0.261372782,4.012708772,5.744122939,4.87390141,0.377219851,0.558933015,-1.45297602,0.857777565,0.03186484,-0.948914748,0.643902238,0.538461538,-0.175204384,0.498518515,1293,0.000661964,3.571624134,0.791336137,1.062159672,0.602188215,-2.977297597,3.751241929,0.018174131,0.008593785,0.9936075,-3.451091586,2.933207159,-0.03913411,-0.034757904,0.994309831,138,0.014597906,3.001119088,0.765915776,1.17453035,0.57272421,-2.641152282,2.301417904,-0.061511854,-0.101378713,1.07581899,-2.16954287,1.809245133,-0.004659851,-0.040765009,-0.040765009,1001,6,18,FALSE,TRUE
61.3620565,13,0.03596983,0.967905287,0.451577062,0.238695906,0.317630678,3.488233863,5.674121142,4.720158192,0.107355049,0.64690856,-2.03611611,1.324046345,-0.250166193,-0.67821856,0.814475227,0.384615385,0.538593209,0.486504255,1286,9.94E-05,3.830618441,0.812728671,1.056455374,0.610499298,-3.856504129,3.302298284,0.001692439,-0.024888602,1.004589286,-3.699275099,3.093827531,0.050479905,-0.000985167,0.979099013,146,0.009486736,2.440851146,0.784670817,0.738784149,0.569739786,-2.730887379,3.322089205,0.040992796,0.040475812,0.997085309,-2.933282349,2.696814231,-0.045250139,-0.055836975,-0.055836975,1002,6,18,FALSE,TRUE
70.1213159,14,0.157360752,0.989554157,0.555917079,0.459267387,0.290268603,3.382392588,6.772258366,5.008665421,0.353108415,1.04430431,-1.047517076,0.974068374,-0.024752578,-0.227951657,0.629365408,0.5,0,0.5,1346,0.001379859,3.126232066,0.800193184,0.968438815,0.601592965,-3.122256765,3.919990715,0.002646017,-0.010609654,1.020815681,-3.154449623,3.088325959,0.006276515,-0.052107729,1.043948988,119,0.007715887,3.463816827,0.757585735,1.192729706,0.567560912,-2.603610382,2.450661705,0.052446322,0.211885706,1.005146168,-2.194679073,3.048577537,-0.02632554,0.221815573,0.221815573,1003,5,18,FALSE,TRUE
69.16272592,14,0.01070713,0.8177806,0.404948021,0.104427183,0.267130925,2.99551525,5.804216447,4.940194709,-0.839925612,0.895226263,-2.377900847,0.396635794,-0.582500538,-1.075815048,0.809677274,0.214285714,1.565623981,0.410325903,1289,0.000243417,3.83236892,0.798098527,1.052251258,0.609789409,-3.995432811,3.208115282,0.023827098,-0.015218369,0.998666321,-2.589895764,3.002033938,0.039418623,0.064401713,0.992091736,124,0.015650816,2.752342939,0.830291957,0.815851401,0.63378166,-2.543326998,2.393053749,-0.112158605,0.148667209,1.007062973,-2.692107808,2.6599962,0.100036409,-0.13084017,-0.13084017,1003,5,18,FALSE,TRUE
71.69143477,15,0.218199875,0.917667991,0.564528979,-0.223421717,0.202779649,3.79285046,5.259563354,4.779428984,-0.618012964,0.472499806,-1.261681165,1.010456048,-0.101611882,-0.056150244,0.734231989,0.533333333,-0.148960898,0.498887652,1307,0.000402687,3.516607062,0.786266425,1.035700897,0.603970754,-3.855815336,3.286684683,-0.023276925,-0.054984128,1.005681234,-3.020889283,3.308502751,0.008104939,0.082692431,0.990507679,141,0.011459521,2.710059792,0.755735544,0.968878575,0.589815779,-2.774453632,2.811093276,-0.030525236,-0.060720244,1.021868476,-2.373008787,2.473180351,-0.111978152,0.121036556,0.121036556,1002,5,18,FALSE,TRUE
88.43979705,19,0.026078689,0.964185473,0.545008569,-0.301204137,0.315566734,3.387463308,5.132132265,4.65472616,-1.96969464,0.392324909,-1.62120586,1.852689905,-0.234712161,0.719690302,0.796875964,0.315789474,0.862213603,0.464829519,1291,0.000720894,4.453546967,0.815993497,1.132842092,0.612270543,-3.014407182,3.323877095,0.013752383,0.022547943,0.971716196,-3.715937538,3.540035882,-0.026143787,-0.003717312,0.999650217,130,0.01442121,3.396881523,0.781898097,1.166577602,0.679621789,-2.189759387,2.536369419,0.162206589,0.030169469,0.923711152,-3.279722772,2.449500263,0.071945383,-0.138801784,-0.138801784,1003,5,18,FALSE,TRUE
97.87975499,21,0.041952612,0.993881527,0.477613636,0.189856591,0.330034337,3.323086652,5.392764982,4.660940714,-0.5383272,0.761074835,-1.96438155,1.325391676,0.077297179,-0.929144822,0.720585471,0.571428571,-0.31137262,0.494871659,1282,0.000596738,3.127795558,0.823365709,0.788515011,0.60166477,-3.258220648,2.912987853,-0.017722974,0.023373996,0.973515342,-3.648928673,3.768023136,0.018476964,0.057579136,1.005303504,120,0.023272823,3.710156162,0.803835599,1.517538635,0.69984778,-1.7604983,2.123459774,0.082783371,0.134435383,0.916522384,-3.141003041,3.239892584,0.156783254,-0.113938669,-0.113938669,1003,4,18,FALSE,TRUE
99.21513248,21,0.004019759,0.988470245,0.454257788,0.1710454,0.302550283,2.907405485,5.66996271,4.724530118,-0.422296261,0.717369869,-2.167619225,1.123527077,-0.015505603,-0.921379174,0.781794923,0.428571429,0.31137262,0.494871659,1292,0.001189039,3.369102758,0.822573498,0.90788184,0.616771245,-2.824640008,2.960132466,0.008459861,-0.019525962,0.968344222,-3.511259375,3.1675776,-0.057004735,-0.066792246,1.047217288,132,0.002391493,2.353183633,0.71287414,0.802680026,0.538633441,-2.193290657,3.095575554,0.083995405,0.316857129,1.001029705,-2.184613799,2.227847273,0.033648482,0.065522964,0.065522964,1001,4,18,FALSE,TRUE
159.4274443,35,0.0087745,0.942517308,0.513965234,-0.216508997,0.290869623,2.6987667,5.170328674,4.555069836,-1.449778085,0.606644842,-2.162687649,2.397270393,0.133075606,-0.193236092,1.105183987,0.571428571,-0.301765035,0.494871659,1308,0.001670631,3.343502798,0.796848654,0.971057517,0.585003948,-2.930998773,3.125979261,0.058810526,0.008980291,1.016338446,-3.171138506,2.749645677,0.042909069,-0.068614608,0.991055204,131,0.002668926,3.187688482,0.847046545,1.29144013,0.67872798,-2.219501228,2.184855639,-0.183801555,0.22930221,0.909289968,-3.403601165,2.954611769,0.038060393,-0.093608827,-0.093608827,1001,4,18,FALSE,TRUE
162.9168531,38,0.011158435,0.903006408,0.472581702,-0.093756622,0.287791298,2.23608555,4.946946384,4.287285607,-1.383110772,0.565056523,-1.612642693,1.168508016,-0.065690235,-0.477490666,0.628472555,0.473684211,0.109791547,0.499306999,1325,0.001652693,3.548121011,0.800383582,0.914685136,0.589580665,-3.634306271,3.15348287,0.023744736,-0.038175564,1.000152138,-3.108636785,3.190347963,0.002505563,-0.034375016,1.012178764,130,0.007197055,2.734735865,0.831700904,0.721094591,0.5451904,-2.798615426,2.505097909,0.010193832,-0.01204906,0.923440289,-2.283957008,3.128833777,-0.074198179,0.444008163,0.444008163,1004,4,18,FALSE,TRUE
181.96445,39,0.014248771,0.885630437,0.427240716,0.1394577,0.24985478,2.573246973,5.849316768,4.665755128,-0.438414254,0.743019533,-2.192342077,1.911526621,-0.235224619,0.078446053,0.903587767,0.41025641,0.379661456,0.491880156,1292,0.00061507,3.600446198,0.815234457,1.015812134,0.628140771,-3.158048787,2.94644402,-0.000513844,-0.103744871,1.012782128,-3.706811192,3.683915001,0.003972286,-0.110521702,0.988981776,116,0.013228224,2.482837949,0.818723315,0.761246832,0.553223404,-2.126600154,1.775600429,-0.056906861,-2.59E-05,0.873113269,-2.289535795,2.144188867,-0.110266969,0.068986437,0.068986437,1001,4,18,FALSE,TRUE
28.11363233,5,0.047371201,0.955581732,0.657905735,-1.527318265,0.32887184,5.141772273,6.262197865,5.622726466,0.551732469,0.525545817,-0.644310559,0.7571428,0.104114258,-0.03826759,0.535887189,0.6,-0.608580619,0.489897949,1291,0.000654489,3.543896331,0.805765772,1.033431808,0.633420011,-3.576001375,3.572711997,0.002459663,0.065073878,1.026830482,-3.181498543,2.987976797,-0.02885994,-0.011253409,0.992417644,132,0.001907747,3.039825149,0.76392247,1.223664202,0.593536411,-2.888939616,2.294233453,0.06603406,-0.09335909,0.983693925,-2.510700853,2.926982581,-0.047480032,0.135820941,0.135820941,1003,17,8,FALSE,TRUE
62.63555772,13,0.108141311,0.821278625,0.428314455,0.402537665,0.23114846,3.602011309,5.760951846,4.818119824,-0.160625096,0.718944395,-2.437044063,1.267970647,-0.171487823,-0.993235056,0.950488317,0.538461538,-0.175204384,0.498518515,1306,0.00024845,3.377693112,0.799276427,0.899116915,0.591939869,-3.031517086,3.480197007,0.036431088,-0.002891473,0.989073296,-3.106657337,3.353147279,0.001090579,0.014808793,0.999230797,130,0.003204902,4.112480433,0.885604569,1.173797329,0.719316998,-2.435464592,2.319913489,0.006904553,0.102683619,1.01855362,-2.332372302,2.605143097,-0.022400849,0.014370476,0.014370476,1005,10,8,FALSE,TRUE
124.5733435,24,0.014660402,0.97182852,0.420655185,0.365550514,0.259551662,3.058928934,6.921763654,5.190555978,-0.080995403,0.986358111,-1.362632855,2.256140002,0.280684814,0.480970511,0.828920621,0.666666667,-0.755147624,0.471404521,1287,0.000137611,3.629257952,0.773065054,0.962128182,0.5787738,-3.153346198,2.968578985,-0.009093057,-0.020837103,1.010748454,-2.900623104,2.837954086,-0.004541913,-0.000324871,0.951195965,122,0.01890877,2.394882251,0.769703224,0.648255624,0.537264513,-2.453415125,2.792328766,0.074893038,0.301664828,0.98849178,-2.522066511,2.966800185,-0.117105484,0.066623182,0.066623182,1004,7,8,FALSE,TRUE
123.8405409,25,0.059038917,0.988355409,0.607907169,-0.487498184,0.305446645,3.201550242,6.856216833,4.953621638,0.840903112,0.994488576,-1.933603888,1.680506458,-0.200518324,0.182267171,0.989674349,0.48,0.085267885,0.49959984,1288,0.000420773,3.430220937,0.818234943,0.808714385,0.593393251,-2.794939316,3.418456706,0.020384786,0.103249472,0.967226785,-2.908500896,3.246070199,0.028049241,-0.024487266,1.004802741,128,0.003267792,2.64827262,0.8608599,0.646820281,0.638762194,-2.544897803,2.599280329,-0.158856858,-0.029832787,0.960325546,-2.247770103,2.445436736,-0.042514022,0.001332781,0.001332781,1001,6,8,FALSE,TRUE
124.6844892,27,0.029141333,0.873662258,0.444092546,0.000507285,0.242067997,3.020209063,5.888613562,4.617944045,0.33835987,0.878662163,-1.598011499,1.765567872,-0.184283593,0.519848666,0.867120715,0.37037037,0.568986715,0.482903882,1345,0.000384228,3.213998241,0.771921958,0.998199613,0.589070163,-3.520795591,2.691229746,-0.010726088,-0.025136175,0.957778867,-3.17683987,2.956414231,0.022118375,-0.008985123,0.978994295,129,0.000681885,3.589034885,0.756097226,1.312130529,0.58434525,-2.345689792,2.308276527,-0.043035211,0.184794995,1.004471204,-2.317839732,2.616563104,-0.052974274,0.210664735,0.210664735,1005,6,8,FALSE,TRUE
129.3237733,30,0.052765,0.963257472,0.500951088,-0.012148917,0.309191561,3.470219416,5.178908481,4.310792444,0.533543351,0.451893291,-1.645821585,2.086029295,0.010099515,0.255562073,0.902661393,0.466666667,0.14076918,0.498887652,1272,0.000897562,3.751144563,0.798413177,0.963309786,0.600306218,-3.13491052,2.820803517,-0.004031002,-0.036933753,0.987681547,-3.203525692,3.38182489,-0.014543222,-0.002000218,1.002176647,126,0.027111668,3.459400581,0.842531663,1.248000786,0.633674155,-2.111831239,2.664463816,0.099574264,0.130291919,1.076945105,-2.845158652,2.69593859,0.032304066,-0.050440291,-0.050440291,1004,6,8,FALSE,TRUE
188.9548636,39,0.064639401,0.992098392,0.521462852,0.029325983,0.267234229,3.231112083,5.896270008,4.844996503,-0.042964313,0.745417299,-2.504371003,1.940750939,-0.282620087,-0.144152903,0.901782819,0.435897436,0.269002664,0.495873836,1360,0.002158614,3.313786288,0.811684231,0.892128913,0.596242209,-3.288792516,3.941993495,-0.024554076,-0.032647741,1.013519106,-3.401054746,3.27135571,0.007268641,-0.025003124,1.02800018,124,0.034593351,2.279129048,0.757943272,0.799612123,0.542828561,-2.301414676,2.08016018,-0.165871129,-0.172613707,0.989944037,-2.649948592,2.427326393,0.009272159,-0.101057844,-0.101057844,1001,5,8,FALSE,TRUE
189.1694291,39,0.01004869,0.987577124,0.470217016,0.051813014,0.264925704,2.414773429,6.46233538,4.850498181,-0.243099525,0.968967212,-2.646939423,2.499079988,-0.059576675,-0.364010425,0.856766012,0.461538462,0.16054535,0.498518515,1335,0.000601891,3.368241077,0.795957198,0.997077386,0.612514897,-3.50647155,3.986787608,0.046098088,-0.002245862,1.020233497,-3.285602303,3.076413633,-0.001892081,-0.032602853,1.005200736,132,0.010491628,2.69991176,0.788743154,0.833975103,0.568388882,-3.953959816,2.083088556,-0.098785081,-0.452882433,1.012219354,-2.738239279,2.749219627,0.051143497,-0.238239059,-0.238239059,1004,5,8,FALSE,TRUE
28.11363233,5,0.047371201,0.955581732,0.657905735,-1.527318265,0.32887184,5.141772273,6.262197865,5.622726466,0.551732469,0.525545817,-0.644310559,0.7571428,0.104114258,-0.03826759,0.535887189,0.6,-0.608580619,0.489897949,1291,0.000654489,3.543896331,0.805765772,1.033431808,0.633420011,-3.576001375,3.572711997,0.002459663,0.065073878,1.026830482,-3.181498543,2.987976797,-0.02885994,-0.011253409,0.992417644,132,0.001907747,3.039825149,0.76392247,1.223664202,0.593536411,-2.888939616,2.294233453,0.06603406,-0.09335909,0.983693925,-2.510700853,2.926982581,-0.047480032,0.135820941,0.135820941,1003,17,8,FALSE,TRUE
62.63555772,13,0.108141311,0.821278625,0.428314455,0.402537665,0.23114846,3.602011309,5.760951846,4.818119824,-0.160625096,0.718944395,-2.437044063,1.267970647,-0.171487823,-0.993235056,0.950488317,0.538461538,-0.175204384,0.498518515,1306,0.00024845,3.377693112,0.799276427,0.899116915,0.591939869,-3.031517086,3.480197007,0.036431088,-0.002891473,0.989073296,-3.106657337,3.353147279,0.001090579,0.014808793,0.999230797,130,0.003204902,4.112480433,0.885604569,1.173797329,0.719316998,-2.435464592,2.319913489,0.006904553,0.102683619,1.01855362,-2.332372302,2.605143097,-0.022400849,0.014370476,0.014370476,1005,10,8,FALSE,TRUE
124.5733435,24,0.014660402,0.97182852,0.420655185,0.365550514,0.259551662,3.058928934,6.921763654,5.190555978,-0.080995403,0.986358111,-1.362632855,2.256140002,0.280684814,0.480970511,0.828920621,0.666666667,-0.755147624,0.471404521,1287,0.000137611,3.629257952,0.773065054,0.962128182,0.5787738,-3.153346198,2.968578985,-0.009093057,-0.020837103,1.010748454,-2.900623104,2.837954086,-0.004541913,-0.000324871,0.951195965,122,0.01890877,2.394882251,0.769703224,0.648255624,0.537264513,-2.453415125,2.792328766,0.074893038,0.301664828,0.98849178,-2.522066511,2.966800185,-0.117105484,0.066623182,0.066623182,1004,7,8,FALSE,TRUE
123.8405409,25,0.059038917,0.988355409,0.607907169,-0.487498184,0.305446645,3.201550242,6.856216833,4.953621638,0.840903112,0.994488576,-1.933603888,1.680506458,-0.200518324,0.182267171,0.989674349,0.48,0.085267885,0.49959984,1288,0.000420773,3.430220937,0.818234943,0.808714385,0.593393251,-2.794939316,3.418456706,0.020384786,0.103249472,0.967226785,-2.908500896,3.246070199,0.028049241,-0.024487266,1.004802741,128,0.003267792,2.64827262,0.8608599,0.646820281,0.638762194,-2.544897803,2.599280329,-0.158856858,-0.029832787,0.960325546,-2.247770103,2.445436736,-0.042514022,0.001332781,0.001332781,1001,6,8,FALSE,TRUE
124.6844892,27,0.029141333,0.873662258,0.444092546,0.000507285,0.242067997,3.020209063,5.888613562,4.617944045,0.33835987,0.878662163,-1.598011499,1.765567872,-0.184283593,0.519848666,0.867120715,0.37037037,0.568986715,0.482903882,1345,0.000384228,3.213998241,0.771921958,0.998199613,0.589070163,-3.520795591,2.691229746,-0.010726088,-0.025136175,0.957778867,-3.17683987,2.956414231,0.022118375,-0.008985123,0.978994295,129,0.000681885,3.589034885,0.756097226,1.312130529,0.58434525,-2.345689792,2.308276527,-0.043035211,0.184794995,1.004471204,-2.317839732,2.616563104,-0.052974274,0.210664735,0.210664735,1005,6,8,FALSE,TRUE
129.3237733,30,0.052765,0.963257472,0.500951088,-0.012148917,0.309191561,3.470219416,5.178908481,4.310792444,0.533543351,0.451893291,-1.645821585,2.086029295,0.010099515,0.255562073,0.902661393,0.466666667,0.14076918,0.498887652,1272,0.000897562,3.751144563,0.798413177,0.963309786,0.600306218,-3.13491052,2.820803517,-0.004031002,-0.036933753,0.987681547,-3.203525692,3.38182489,-0.014543222,-0.002000218,1.002176647,126,0.027111668,3.459400581,0.842531663,1.248000786,0.633674155,-2.111831239,2.664463816,0.099574264,0.130291919,1.076945105,-2.845158652,2.69593859,0.032304066,-0.050440291,-0.050440291,1004,6,8,FALSE,TRUE
188.9548636,39,0.064639401,0.992098392,0.521462852,0.029325983,0.267234229,3.231112083,5.896270008,4.844996503,-0.042964313,0.745417299,-2.504371003,1.940750939,-0.282620087,-0.144152903,0.901782819,0.435897436,0.269002664,0.495873836,1360,0.002158614,3.313786288,0.811684231,0.892128913,0.596242209,-3.288792516,3.941993495,-0.024554076,-0.032647741,1.013519106,-3.401054746,3.27135571,0.007268641,-0.025003124,1.02800018,124,0.034593351,2.279129048,0.757943272,0.799612123,0.542828561,-2.301414676,2.08016018,-0.165871129,-0.172613707,0.989944037,-2.649948592,2.427326393,0.009272159,-0.101057844,-0.101057844,1001,5,8,FALSE,TRUE
189.1694291,39,0.01004869,0.987577124,0.470217016,0.051813014,0.264925704,2.414773429,6.46233538,4.850498181,-0.243099525,0.968967212,-2.646939423,2.499079988,-0.059576675,-0.364010425,0.856766012,0.461538462,0.16054535,0.498518515,1335,0.000601891,3.368241077,0.795957198,0.997077386,0.612514897,-3.50647155,3.986787608,0.046098088,-0.002245862,1.020233497,-3.285602303,3.076413633,-0.001892081,-0.032602853,1.005200736,132,0.010491628,2.69991176,0.788743154,0.833975103,0.568388882,-3.953959816,2.083088556,-0.098785081,-0.452882433,1.012219354,-2.738239279,2.749219627,0.051143497,-0.238239059,-0.238239059,1004,5,8,FALSE,TRUE
9.990256744,2,0.692128787,0.741094118,0.716611452,0,0.024482665,4.161379268,5.828877476,4.995128372,0,0.833749104,-0.950650491,0.818399093,-0.066125699,0,0.884524792,0.5,0,0.5,1260,0.000532584,3.225256975,0.790495033,1.010417945,0.591615687,-3.068730235,3.320669247,-0.026915035,-0.052751739,0.993929956,-3.122508686,3.458750645,0.047830345,0.021189031,1.027681805,140,0.011989803,3.17234389,0.907766792,1.139769616,0.714616221,-2.537341364,2.709428121,0.067782812,-0.097066017,1.026478255,-2.768131233,2.838910305,0.009246943,-0.116875209,-0.116875209,1005,10,18,FALSE,TRUE
10.30346532,2,0.3039879,0.434657855,0.369322877,0,0.065334977,5.138668753,5.164796567,5.15173266,0,0.013063907,-0.419066825,0.205248807,-0.106909009,0,0.312157816,0.5,0,0.5,1317,0.002041661,3.567126896,0.806083339,1.109432301,0.611246956,-3.766269321,3.631814408,0.016030896,0.022732272,1.019910884,-3.51416628,3.413122833,-0.01280089,-0.02452471,0.988060156,133,0.007120119,2.226272938,0.773611217,0.720039384,0.599600281,-2.455220458,2.232750719,-0.010954391,-0.118187727,0.969455213,-2.876727924,2.724119484,0.007135695,-0.119407183,-0.119407183,1005,10,18,FALSE,TRUE
16.64901765,3,0.136030622,0.947636065,0.634245352,-1.5643353,0.356179531,4.825122963,6.93685646,5.549672551,1.726879851,0.981212778,-0.821646155,0.739111144,-0.160369625,1.212323672,0.659063366,0.333333333,1.732050808,0.471404521,1343,0.001904207,3.607314738,0.804300819,0.990445987,0.600660365,-2.899253572,3.338083691,0.030936346,0.040086473,0.988268402,-3.29086519,3.009497131,-0.006689097,0.000299594,1.006713936,138,0.014346489,3.043002106,0.804069246,0.841837937,0.642704631,-2.757456598,2.882978837,0.005759285,0.233755777,1.032791403,-2.445522482,2.371184792,0.001880504,-0.108409431,-0.108409431,1006,9,18,FALSE,TRUE
13.12975466,3,0.430353984,0.71937754,0.583273976,-0.514029013,0.118591029,4.278754137,4.572246382,4.376584885,1.732050808,0.138353571,-2.009115904,-0.151684417,-1.020300552,-0.569214081,0.763041642,0,0,0,1317,0.000423275,3.076211729,0.789895619,1.002086721,0.595083408,-3.231128214,3.370149753,0.053955724,0.008040106,1.009269443,-2.996980403,4.125811999,-0.002762771,0.146659913,0.993713652,129,0.005555462,2.730802867,0.750747749,1.038576898,0.583115566,-2.725156686,3.332510213,-0.009270563,0.237233364,1.020466115,-2.470571568,2.072989312,-0.129756713,0.194398353,0.194398353,1006,9,18,FALSE,TRUE
48.10109284,9,0.020391781,0.981631243,0.613030982,-0.839014812,0.365713994,2.633928566,6.49029609,5.344565871,-1.27414136,1.40821291,-1.814049658,0.200130486,-0.440395759,-1.289245688,0.706226884,0.444444444,0.271052371,0.496903995,1284,0.000918391,3.666845731,0.794976172,1.149021424,0.626507663,-2.648398895,3.926629484,0.011359245,0.052392691,0.976866011,-2.970801332,3.507842826,-0.008743731,0.132478859,0.977295399,138,0.017170853,2.523761096,0.681329779,0.978584469,0.49916009,-2.492621755,2.82755649,0.106826752,0.02982296,1.054819116,-2.699426098,2.243387971,-0.172880114,-0.007752964,-0.007752964,1001,6,18,FALSE,TRUE
55.29418593,11,0.057398906,0.970193959,0.483242003,0.300340177,0.336711109,2.824582795,6.433486031,5.026744175,-0.815283508,1.058366848,-2.763235577,1.259904824,-0.220323784,-1.354414235,0.999222535,0.454545455,0.21276158,0.497929598,1263,0.000268227,3.879968158,0.821005124,1.006815354,0.614389827,-3.362557806,3.506473471,0.03802063,0.043052634,0.998983432,-3.029257992,3.513338646,-0.011799455,0.09138169,0.992495206,147,0.010107529,2.581532417,0.797571504,0.939052118,0.555531376,-2.542610389,2.745047881,-0.04809842,0.28085063,1.071909135,-2.71691237,3.379842283,0.069032143,0.31055771,0.31055771,1003,6,18,FALSE,TRUE
65.85365954,12,0.335495018,0.961843292,0.660260906,0.12973039,0.209930925,4.241706199,6.496138228,5.487804962,-0.065863221,0.762480457,-1.583935849,1.460966794,-0.08470509,0.07588241,0.964883201,0.5,6.38E-17,0.5,1323,0.000424142,3.394884004,0.803409144,0.956727391,0.606922736,-3.29936959,3.73132138,0.019639109,-0.015835117,0.993516683,-3.838516037,3.933052346,-0.038691415,-0.042115181,0.999261124,129,0.005749337,2.716737505,0.691072609,1.132533034,0.559203431,-2.247224916,3.313008147,0.023646041,0.30437895,1.0907603,-2.278790887,2.931463492,-0.117310477,0.230853324,0.230853324,1004,5,18,FALSE,TRUE
74.82058037,14,0.04128125,0.919498739,0.466622348,-0.092710434,0.226552435,4.330263323,6.239282203,5.34432717,-0.181343984,0.660886185,-1.774801214,1.932173061,-0.396418841,0.5557204,0.955017379,0.357142857,0.670360139,0.479157424,1315,7.08E-05,3.221222527,0.787836236,0.951595499,0.601652929,-3.301587137,3.04888198,-0.016655665,-0.074872016,1.015195488,-3.174236696,3.302995992,-0.046310626,0.105721087,1.008858282,122,0.013356835,3.659872309,0.772605947,1.39244092,0.589305816,-2.6642782,2.062184384,-0.102724393,0.094749016,0.975921014,-2.787873983,2.850328246,-0.02381696,0.093477574,0.093477574,1001,5,18,FALSE,TRUE
67.08165336,16,0.144804474,0.852820152,0.596664144,-0.804396421,0.239086854,3.42442662,4.784763206,4.192603335,-0.096351891,0.356689577,-2.098150003,1.361104383,-0.431399527,0.423416667,0.873812328,0.3125,0.895256516,0.463512405,1327,0.000331022,4.049038506,0.778526855,1.041744534,0.58528256,-3.202776624,2.980991977,-0.010721275,0.001243644,0.965940965,-2.968638156,2.892057125,-0.004500538,-0.041691413,0.97391502,124,0.000650418,2.722482406,0.715607493,0.88759741,0.522024715,-3.187074267,2.213847153,-0.143956092,-0.317916323,1.010018256,-2.741295037,2.310601662,-0.003981529,-0.132704714,-0.132704714,1003,5,18,FALSE,TRUE
100.5278837,17,0.081036244,0.986983144,0.523265436,0.010753092,0.307008468,4.658900542,7.456423943,5.913404926,0.317261805,0.938948669,-2.638935136,1.238945969,-0.08775166,-1.152546092,0.975545145,0.588235294,-0.394244304,0.492152957,1328,0.001490976,3.150750644,0.789342539,0.895940921,0.589539831,-2.883523562,3.052278693,-0.02060279,-0.03349283,0.994855008,-3.128492588,3.74138438,-0.015883626,0.134977311,0.991976748,117,0.014016775,2.914777624,0.906056289,0.72962208,0.599589968,-2.564881987,2.469957606,-0.083885309,0.148949681,1.006140176,-3.381862029,2.56227875,0.126081624,-0.226109456,-0.226109456,1002,5,18,FALSE,TRUE
89.02073766,17,0.092861022,0.97594253,0.572321643,-0.166655216,0.304073455,3.45385231,6.674161366,5.23651398,0.191477241,1.14961675,-2.343806152,1.990712444,-0.224557498,0.211290226,1.162498729,0.411764706,0.394244304,0.492152957,1344,0.00169869,3.14214369,0.795339724,0.893245692,0.583923117,-3.261941852,4.234917965,-0.007783165,0.052674237,1.007899575,-3.835294307,3.716985838,-0.080945545,0.084096497,0.995274724,142,0.003568357,2.648081466,0.743818667,0.867122441,0.544003523,-3.463888875,1.983749125,-0.148661566,-0.336263273,1.036788378,-2.764149683,2.283931837,0.007835652,-0.281329043,-0.281329043,1003,5,18,FALSE,TRUE
83.06784708,18,0.093167474,0.970029492,0.552596684,-0.157218815,0.27645924,2.840564075,5.28158386,4.614880393,-2.239016097,0.509317043,-2.18572736,1.843114344,-0.416889773,0.572146663,0.934844389,0.388888889,0.498373979,0.487498022,1310,6.42E-05,3.446918286,0.765952283,1.037530014,0.602634724,-3.181840651,2.991136713,-0.057166721,-0.017808706,0.976376827,-3.011110681,3.904685724,0.022757507,0.081168638,0.990325906,127,0.017115985,3.32791349,0.892629035,1.191219355,0.696839467,-2.340956653,1.783470169,-0.038713781,-0.157671652,0.914002405,-2.619872604,3.418417395,0.054979544,-0.203296528,-0.203296528,1004,4,18,FALSE,TRUE
113.7756088,23,0.001705509,0.983972327,0.545334665,-0.23659668,0.280868755,1.104134644,6.28998566,4.9467656,-1.740763589,1.072262093,-1.732424129,1.353332382,0.076567017,-0.561749452,0.814425283,0.52173913,-0.093232858,0.499527187,1279,0.000863573,4.160910184,0.80159351,1.091603582,0.596112528,-3.663029643,3.760815356,-0.017195842,0.000242079,0.988160709,-3.53594445,3.362398691,0.004640561,0.021197468,1.01430332,143,0.012054779,2.632898037,0.76960773,0.873693952,0.597230802,-2.409311729,3.069050651,0.025850972,0.418886939,0.945393737,-2.841332541,2.407487934,0.081908299,-0.43308628,-0.43308628,1002,4,18,FALSE,TRUE
128.3372682,26,0.010824635,0.986598807,0.514531226,-0.05397371,0.27314156,3.455400609,6.28336205,4.936048777,0.465640988,0.821545512,-2.239455614,2.137378856,-0.047942927,0.043413158,1.01065662,0.5,1.09E-16,0.5,1306,7.76E-05,3.352651665,0.807683294,0.883385543,0.601692651,-4.104800787,3.493748184,-0.065011135,-0.035427368,1.012372024,-3.581561803,3.475288986,-0.013955447,-0.01373129,1.020921473,145,0.003473616,2.595865946,0.720222101,0.859029426,0.558487065,-2.718131371,2.776427488,0.067016859,0.080810058,0.996270253,-2.713953033,1.703399713,-0.123324496,-0.241781677,-0.241781677,1002,4,18,FALSE,TRUE
139.8389345,28,0.025942331,0.997416263,0.615146073,-0.650073653,0.249508465,3.699388251,6.829481236,4.994247662,0.89296871,1.044362571,-2.289192759,1.663503769,-0.078388693,-0.551460273,0.865483638,0.535714286,-0.151460798,0.498722859,1298,0.002024211,3.814533864,0.798552769,1.084078181,0.609577307,-3.090036573,3.279122555,-0.016131521,0.083513559,0.955474667,-3.889422057,3.295085726,-0.026935047,0.111776889,1.03050795,132,0.002966747,3.348703186,0.829697555,1.050915621,0.599458881,-2.43233717,2.526206317,0.054077531,0.026934321,0.99214906,-2.244548432,1.978524243,0.020811256,-0.002257364,-0.002257364,1001,4,18,FALSE,TRUE
171.8102866,35,0.041988282,0.971474124,0.572268581,-0.332377586,0.282784932,2.558842428,6.29628283,4.90886533,-0.280478111,0.912103553,-2.615450794,1.916503477,-0.140459323,-0.339678433,0.943353848,0.485714286,0.059758382,0.499795877,1268,3.29E-05,3.487924372,0.775181973,1.042819884,0.595932554,-3.874475748,3.42478413,0.01238397,-0.060457797,1.030052087,-3.679769631,3.867777635,0.00894837,-0.087882385,0.991765338,118,0.019036122,2.671783231,0.831645849,0.958050485,0.513998138,-2.870486213,2.322405245,-0.085883148,0.049515246,1.095400671,-2.796039112,2.31357371,0.078542231,-0.125032313,-0.125032313,1003,4,18,FALSE,TRUE
176.6961628,36,0.020076949,0.992532628,0.492749398,0.013166452,0.294343653,1.859999669,6.345250018,4.908226745,-0.806790833,0.932320698,-1.985864432,2.678006385,-0.307702306,0.845075858,0.900624725,0.416666667,0.352941176,0.493006649,1264,0.000841233,3.81139192,0.832781217,0.980658027,0.619166869,-2.655439665,3.184343308,-0.007306714,0.08926697,0.986608184,-3.27212875,2.886094068,0.013555695,0.015500762,0.971691207,154,0.008586656,2.318411847,0.7438407,0.865007937,0.503759681,-3.252371053,2.394622298,0.057708337,-0.223429095,0.963370369,-2.154865077,3.044480663,0.073799368,0.185565013,0.185565013,1005,4,18,FALSE,TRUE
188.3202174,39,0.018416054,0.905890736,0.413165137,0.047978966,0.263164169,3.010980749,5.773881596,4.828723522,-0.581272731,0.724303549,-2.134986964,1.533891245,-0.106935152,-0.425444744,0.904791883,0.384615385,0.493530091,0.486504255,1292,0.000253434,3.252070115,0.802310131,0.96949895,0.609129213,-3.47727265,2.909597682,-0.018117062,-0.050477528,0.975784328,-2.873306541,2.774193065,0.004472107,-0.039336185,0.968945527,123,0.006390011,3.428428059,0.774980901,1.469325454,0.605251773,-2.497057463,2.70942148,0.149650072,0.093650549,1.029241641,-2.36105675,2.17645189,0.027019042,-0.163986987,-0.163986987,1006,3,18,FALSE,TRUE
4.452869739,1,0.647191415,0.647191415,0.647191415,0,0,4.452869739,4.452869739,4.452869739,0,0,-0.06425264,-0.06425264,-0.06425264,0,0,0,0,0,1348,0.000484509,3.189170302,0.805772283,0.957564124,0.607421886,-3.265620047,3.206112701,-0.008961434,0.021181008,0.956369154,-3.542998145,2.562590171,-0.063241331,-0.147663368,0.987103704,138,0.007403506,2.41611483,0.715858942,0.903770193,0.564685583,-2.437856325,2.746744374,0.075200463,0.139667939,1.005680043,-2.430830413,2.438941293,0.001277449,0.058279715,0.058279715,1001,26,12,FALSE,TRUE
8.926366575,2,0.26436618,0.584594522,0.424480351,0,0.160114171,4.269070263,4.657296312,4.463183287,0,0.194113024,-0.671016788,-0.091755033,-0.381385911,0,0.289630878,0,0,0,1310,0.000132923,3.126308999,0.792314751,0.882112344,0.595898209,-3.724350416,3.709909839,0.033088927,-0.049950991,1.00149088,-3.478143042,3.443992356,0.020906002,0.011508478,1.011005936,131,0.014290228,2.477402294,0.786538286,0.699172456,0.549123517,-2.457944555,2.418708134,0.028823731,-0.113440595,0.98297481,-2.431559748,2.824976309,0.117129446,-0.296942228,-0.296942228,1004,24,12,FALSE,TRUE
20.96719994,4,0.374210252,0.770959543,0.539828726,0.853491306,0.151556456,3.910985648,6.023980403,5.241799986,-0.919031304,0.873101251,-2.388890122,1.81144268,0.230164108,-1.372452215,1.604906354,0.75,-2,0.433012702,1320,0.001508166,3.143523675,0.814477829,0.894210309,0.605312875,-3.572853649,3.334043801,0.042399292,-0.117841376,1.004309543,-2.684209882,3.250917565,0.009032187,0.056974604,0.94513341,121,0.012134259,2.788452875,0.770389069,1.014814966,0.575254432,-2.804687696,2.914007788,-0.073527661,0.476326102,1.01643962,-2.391989825,2.549371951,-0.195506658,0.191512799,0.191512799,1010,20,12,FALSE,TRUE
25.62691845,6,0.024137166,0.678913874,0.366532623,-0.087702462,0.251130517,2.998460871,4.798340484,4.271153075,-2.16149753,0.583823201,-0.591477153,0.905936616,0.054473187,0.636415882,0.480339794,0.333333333,0.968245837,0.471404521,1297,1.86E-05,3.799541238,0.78137141,0.968901832,0.584184528,-3.781855772,2.873920326,-0.003815972,-0.081771802,1.006288315,-3.890472237,2.959288054,-0.005983863,-0.137627502,1.000596089,143,0.010501282,3.59139351,0.72936403,1.400996524,0.640381278,-2.244472318,2.613153525,0.032239343,0.114080025,1.007169791,-2.502833925,2.40366181,0.008398315,-0.306199827,-0.306199827,1008,17,12,FALSE,TRUE
32.36764173,8,0.013390508,0.967620191,0.332952701,1.231502507,0.292175848,2.523520511,5.515122709,4.045955216,0.231214989,1.021970762,-1.431212772,0.775424546,-0.089806085,-0.528826118,0.832827807,0.5,6.92E-17,0.5,1252,0.00059776,3.695094201,0.784930674,0.941402145,0.594994674,-3.118139606,4.851765345,0.072420071,0.084727882,1.060142998,-3.383574791,3.027456801,0.022596773,-0.059695469,1.035380132,122,0.00534468,3.414354964,0.806688276,1.119235352,0.626814779,-2.033645385,1.964392965,0.071354514,-0.121723928,0.90082723,-2.167121972,2.064909697,0.010933326,-0.058918946,-0.058918946,1002,15,12,FALSE,TRUE
40.283038,9,0.086561128,0.948101293,0.510416684,0.471974809,0.317748131,3.567648533,5.754353075,4.475893111,0.222342476,0.674922203,-1.511356301,1.262940262,-0.274318609,0.065762214,0.881277404,0.222222222,1.619847741,0.41573971,1289,0.0008507,3.434958749,0.778227323,1.032114061,0.601877788,-4.747305571,3.184491067,-0.025401163,-0.066804553,0.981502257,-3.803309971,2.851536846,-0.042507478,-0.039423349,0.994473802,129,0.036560935,2.527903744,0.768644146,0.969212982,0.539305155,-3.058454124,2.697794901,0.031645874,-0.339899342,1.107088495,-2.429017176,1.834024004,-0.174746675,-0.296386211,-0.296386211,1004,14,12,FALSE,TRUE
48.85544676,11,0.050882836,0.935486585,0.4833501,-0.038662985,0.304877844,3.471879919,5.392236251,4.441404251,-0.448761133,0.50244735,-1.850660801,0.485628102,-0.326950819,-0.985601862,0.66820204,0.454545455,0.21276158,0.497929598,1286,0.00021019,3.941212252,0.794548775,1.094155677,0.612415438,-3.060373493,3.87503896,0.066877365,-0.082140632,0.994480716,-3.193636719,3.390419171,0.013807651,-0.106025728,0.977615597,142,0.005302841,2.561469258,0.785620439,0.630221784,0.583461538,-2.863411608,2.426777917,0.057455941,-0.376923427,1.098858295,-2.476415927,2.365667333,0.109890145,0.030179882,0.030179882,1001,13,12,FALSE,TRUE
66.78122199,14,0.053954285,0.996480636,0.666413104,-0.729814749,0.270349348,4.160555409,6.021940368,4.770087285,0.907348421,0.554197246,-1.315232454,1.607558463,-0.073543102,0.65889543,0.771401255,0.357142857,0.670360139,0.479157424,1227,0.000544966,3.158459696,0.789380994,0.948481977,0.589293915,-4.023882992,2.854125272,-0.015584792,-0.143973613,1.019273964,-3.111992918,3.889155938,-0.000571542,-0.072826648,0.998121662,121,0.006289986,2.847662735,0.766785245,1.246373014,0.515495517,-2.61221534,2.74458727,0.103138907,-0.042046217,0.965887844,-2.177736608,2.270971395,-0.088010066,0.195189439,0.195189439,1007,12,12,FALSE,TRUE
77.04840019,15,0.0719234,0.991932275,0.557485254,-0.076141064,0.26303524,3.921666677,6.266947849,5.136560013,0.308109037,0.715768155,-2.022852076,1.260417903,-0.286920162,-0.385511504,0.875461082,0.466666667,0.148960898,0.498887652,1248,7.28E-05,3.146217691,0.824547276,0.854509644,0.597291387,-4.028902883,3.164830859,0.004811518,0.007218547,1.027628043,-3.547414633,3.504887044,-0.009552896,-0.025643909,0.996025594,120,0.007094992,2.428033299,0.833467418,0.81969997,0.553905724,-2.273439489,2.558448304,-0.068000972,0.284406779,0.863819817,-2.181476975,2.266557712,-0.114806133,0.151096052,0.151096052,1005,12,12,FALSE,TRUE
129.2201009,29,0.062126388,0.994297141,0.476561093,0.514996582,0.230532652,2.807314881,5.217863951,4.455865548,-0.541328771,0.600776556,-2.460896475,1.266317995,-0.145752223,-0.644120123,0.801588746,0.448275862,0.219535035,0.497317417,1251,0.000639753,3.575870052,0.785689541,0.971408462,0.614813114,-3.015710886,3.033140393,-0.000998953,0.098279349,1.002805946,-2.844543645,3.055527354,0.027754667,0.006055067,0.961634292,130,0.001133526,2.966658042,0.735237258,1.327404446,0.582195235,-2.415962339,2.804833718,0.134182715,-0.110187915,0.978159247,-1.906018201,3.854560549,-0.041332343,0.383557926,0.383557926,1006,8,12,FALSE,TRUE
173.1641747,36,0.031892689,0.998492657,0.512849275,0.005364445,0.279360929,2.766755447,5.968953189,4.810115963,-0.318838393,0.893687344,-1.62482684,1.756555374,0.007156792,0.18910443,0.843252449,0.333333333,0.738229435,0.471404521,1321,0.00031403,3.185520291,0.78002323,0.894360447,0.589521856,-3.159675716,4.053480037,-0.031046221,0.034293244,0.989492396,-3.139308559,3.991637702,0.007901619,-0.007829584,1.045088572,130,0.009614187,2.976143288,0.742701328,1.333501078,0.607417006,-2.326738725,2.819541095,0.122619519,0.343048557,1.072003528,-1.969388337,1.820444035,-0.079091922,0.163978709,0.163978709,1002,7,12,FALSE,TRUE
164.0038548,38,0.027938723,0.970971626,0.449326439,0.378439186,0.304124483,2.531415657,5.976104328,4.315890915,0.351696187,0.700943272,-1.683161316,2.21743598,0.02060329,0.414182444,0.91239966,0.394736842,0.448611703,0.488794095,1341,8.68E-05,2.909277719,0.821315278,0.850503484,0.595366068,-3.374257277,4.147152744,0.026595523,0.092483637,0.985243865,-3.189130314,3.572152191,-0.007018775,-0.015068467,0.99925075,112,0.023570576,2.788286064,0.758550862,1.144132887,0.58275245,-2.056692526,3.357058123,0.03040478,0.310090717,0.984081655,-2.75239919,2.116047984,-0.15657387,-0.318039908,-0.318039908,1002,7,12,FALSE,TRUE
4.452869739,1,0.647191415,0.647191415,0.647191415,0,0,4.452869739,4.452869739,4.452869739,0,0,-0.06425264,-0.06425264,-0.06425264,0,0,0,0,0,1348,0.000484509,3.189170302,0.805772283,0.957564124,0.607421886,-3.265620047,3.206112701,-0.008961434,0.021181008,0.956369154,-3.542998145,2.562590171,-0.063241331,-0.147663368,0.987103704,138,0.007403506,2.41611483,0.715858942,0.903770193,0.564685583,-2.437856325,2.746744374,0.075200463,0.139667939,1.005680043,-2.430830413,2.438941293,0.001277449,0.058279715,0.058279715,1001,26,12,FALSE,TRUE
8.926366575,2,0.26436618,0.584594522,0.424480351,0,0.160114171,4.269070263,4.657296312,4.463183287,0,0.194113024,-0.671016788,-0.091755033,-0.381385911,0,0.289630878,0,0,0,1310,0.000132923,3.126308999,0.792314751,0.882112344,0.595898209,-3.724350416,3.709909839,0.033088927,-0.049950991,1.00149088,-3.478143042,3.443992356,0.020906002,0.011508478,1.011005936,131,0.014290228,2.477402294,0.786538286,0.699172456,0.549123517,-2.457944555,2.418708134,0.028823731,-0.113440595,0.98297481,-2.431559748,2.824976309,0.117129446,-0.296942228,-0.296942228,1004,24,12,FALSE,TRUE
20.96719994,4,0.374210252,0.770959543,0.539828726,0.853491306,0.151556456,3.910985648,6.023980403,5.241799986,-0.919031304,0.873101251,-2.388890122,1.81144268,0.230164108,-1.372452215,1.604906354,0.75,-2,0.433012702,1320,0.001508166,3.143523675,0.814477829,0.894210309,0.605312875,-3.572853649,3.334043801,0.042399292,-0.117841376,1.004309543,-2.684209882,3.250917565,0.009032187,0.056974604,0.94513341,121,0.012134259,2.788452875,0.770389069,1.014814966,0.575254432,-2.804687696,2.914007788,-0.073527661,0.476326102,1.01643962,-2.391989825,2.549371951,-0.195506658,0.191512799,0.191512799,1010,20,12,FALSE,TRUE
25.62691845,6,0.024137166,0.678913874,0.366532623,-0.087702462,0.251130517,2.998460871,4.798340484,4.271153075,-2.16149753,0.583823201,-0.591477153,0.905936616,0.054473187,0.636415882,0.480339794,0.333333333,0.968245837,0.471404521,1297,1.86E-05,3.799541238,0.78137141,0.968901832,0.584184528,-3.781855772,2.873920326,-0.003815972,-0.081771802,1.006288315,-3.890472237,2.959288054,-0.005983863,-0.137627502,1.000596089,143,0.010501282,3.59139351,0.72936403,1.400996524,0.640381278,-2.244472318,2.613153525,0.032239343,0.114080025,1.007169791,-2.502833925,2.40366181,0.008398315,-0.306199827,-0.306199827,1008,17,12,FALSE,TRUE
32.36764173,8,0.013390508,0.967620191,0.332952701,1.231502507,0.292175848,2.523520511,5.515122709,4.045955216,0.231214989,1.021970762,-1.431212772,0.775424546,-0.089806085,-0.528826118,0.832827807,0.5,6.92E-17,0.5,1252,0.00059776,3.695094201,0.784930674,0.941402145,0.594994674,-3.118139606,4.851765345,0.072420071,0.084727882,1.060142998,-3.383574791,3.027456801,0.022596773,-0.059695469,1.035380132,122,0.00534468,3.414354964,0.806688276,1.119235352,0.626814779,-2.033645385,1.964392965,0.071354514,-0.121723928,0.90082723,-2.167121972,2.064909697,0.010933326,-0.058918946,-0.058918946,1002,15,12,FALSE,TRUE
40.283038,9,0.086561128,0.948101293,0.510416684,0.471974809,0.317748131,3.567648533,5.754353075,4.475893111,0.222342476,0.674922203,-1.511356301,1.262940262,-0.274318609,0.065762214,0.881277404,0.222222222,1.619847741,0.41573971,1289,0.0008507,3.434958749,0.778227323,1.032114061,0.601877788,-4.747305571,3.184491067,-0.025401163,-0.066804553,0.981502257,-3.803309971,2.851536846,-0.042507478,-0.039423349,0.994473802,129,0.036560935,2.527903744,0.768644146,0.969212982,0.539305155,-3.058454124,2.697794901,0.031645874,-0.339899342,1.107088495,-2.429017176,1.834024004,-0.174746675,-0.296386211,-0.296386211,1004,14,12,FALSE,TRUE
48.85544676,11,0.050882836,0.935486585,0.4833501,-0.038662985,0.304877844,3.471879919,5.392236251,4.441404251,-0.448761133,0.50244735,-1.850660801,0.485628102,-0.326950819,-0.985601862,0.66820204,0.454545455,0.21276158,0.497929598,1286,0.00021019,3.941212252,0.794548775,1.094155677,0.612415438,-3.060373493,3.87503896,0.066877365,-0.082140632,0.994480716,-3.193636719,3.390419171,0.013807651,-0.106025728,0.977615597,142,0.005302841,2.561469258,0.785620439,0.630221784,0.583461538,-2.863411608,2.426777917,0.057455941,-0.376923427,1.098858295,-2.476415927,2.365667333,0.109890145,0.030179882,0.030179882,1001,13,12,FALSE,TRUE
66.78122199,14,0.053954285,0.996480636,0.666413104,-0.729814749,0.270349348,4.160555409,6.021940368,4.770087285,0.907348421,0.554197246,-1.315232454,1.607558463,-0.073543102,0.65889543,0.771401255,0.357142857,0.670360139,0.479157424,1227,0.000544966,3.158459696,0.789380994,0.948481977,0.589293915,-4.023882992,2.854125272,-0.015584792,-0.143973613,1.019273964,-3.111992918,3.889155938,-0.000571542,-0.072826648,0.998121662,121,0.006289986,2.847662735,0.766785245,1.246373014,0.515495517,-2.61221534,2.74458727,0.103138907,-0.042046217,0.965887844,-2.177736608,2.270971395,-0.088010066,0.195189439,0.195189439,1007,12,12,FALSE,TRUE
77.04840019,15,0.0719234,0.991932275,0.557485254,-0.076141064,0.26303524,3.921666677,6.266947849,5.136560013,0.308109037,0.715768155,-2.022852076,1.260417903,-0.286920162,-0.385511504,0.875461082,0.466666667,0.148960898,0.498887652,1248,7.28E-05,3.146217691,0.824547276,0.854509644,0.597291387,-4.028902883,3.164830859,0.004811518,0.007218547,1.027628043,-3.547414633,3.504887044,-0.009552896,-0.025643909,0.996025594,120,0.007094992,2.428033299,0.833467418,0.81969997,0.553905724,-2.273439489,2.558448304,-0.068000972,0.284406779,0.863819817,-2.181476975,2.266557712,-0.114806133,0.151096052,0.151096052,1005,12,12,FALSE,TRUE
129.2201009,29,0.062126388,0.994297141,0.476561093,0.514996582,0.230532652,2.807314881,5.217863951,4.455865548,-0.541328771,0.600776556,-2.460896475,1.266317995,-0.145752223,-0.644120123,0.801588746,0.448275862,0.219535035,0.497317417,1251,0.000639753,3.575870052,0.785689541,0.971408462,0.614813114,-3.015710886,3.033140393,-0.000998953,0.098279349,1.002805946,-2.844543645,3.055527354,0.027754667,0.006055067,0.961634292,130,0.001133526,2.966658042,0.735237258,1.327404446,0.582195235,-2.415962339,2.804833718,0.134182715,-0.110187915,0.978159247,-1.906018201,3.854560549,-0.041332343,0.383557926,0.383557926,1006,8,12,FALSE,TRUE
173.1641747,36,0.031892689,0.998492657,0.512849275,0.005364445,0.279360929,2.766755447,5.968953189,4.810115963,-0.318838393,0.893687344,-1.62482684,1.756555374,0.007156792,0.18910443,0.843252449,0.333333333,0.738229435,0.471404521,1321,0.00031403,3.185520291,0.78002323,0.894360447,0.589521856,-3.159675716,4.053480037,-0.031046221,0.034293244,0.989492396,-3.139308559,3.991637702,0.007901619,-0.007829584,1.045088572,130,0.009614187,2.976143288,0.742701328,1.333501078,0.607417006,-2.326738725,2.819541095,0.122619519,0.343048557,1.072003528,-1.969388337,1.820444035,-0.079091922,0.163978709,0.163978709,1002,7,12,FALSE,TRUE
164.0038548,38,0.027938723,0.970971626,0.449326439,0.378439186,0.304124483,2.531415657,5.976104328,4.315890915,0.351696187,0.700943272,-1.683161316,2.21743598,0.02060329,0.414182444,0.91239966,0.394736842,0.448611703,0.488794095,1341,8.68E-05,2.909277719,0.821315278,0.850503484,0.595366068,-3.374257277,4.147152744,0.026595523,0.092483637,0.985243865,-3.189130314,3.572152191,-0.007018775,-0.015068467,0.99925075,112,0.023570576,2.788286064,0.758550862,1.144132887,0.58275245,-2.056692526,3.357058123,0.03040478,0.310090717,0.984081655,-2.75239919,2.116047984,-0.15657387,-0.318039908,-0.318039908,1002,7,12,FALSE,TRUE
