82.5,"7.1%",0.47,"$70,461 ",2005,"2005WA"
82.5,"7.1%",0.47,"$76,963 ",2006,"2006WA"
82.5,"7.1%",0.47,"$77,284 ",2007,"2007WA"
82.5,"7.1%",0.47,"$79,053 ",2008,"2008WA"
82.5,"7.1%",0.47,"$83,121 ",2009,"2009WA"
82.5,"7.1%",0.47,"$83,654 ",2010,"2010WA"
82.5,"7.1%",0.47,"$86,447 ",2011,"2011WA"
82.5,"7.1%",0.47,"$92,290 ",2012,"2012WA"
82.5,"7.1%",0.47,"$94,235 ",2013,"2013WA"
82.5,"7.1%",0.47,"$96,241 ",2014,"2014WA"
82.5,"7.1%",0.47,"$103,750 ",2015,"2015WA"
69.3,"5.5%",0.44,"$66,575 ",2005,"2005OR"
69.3,"5.5%",0.44,"$69,915 ",2006,"2006OR"
69.3,"5.5%",0.44,"$69,509 ",2007,"2007OR"
69.3,"5.5%",0.44,"$76,262 ",2008,"2008OR"
69.3,"5.5%",0.44,"$74,898 ",2009,"2009OR"
69.3,"5.5%",0.44,"$71,864 ",2010,"2010OR"
69.3,"5.5%",0.44,"$80,426 ",2011,"2011OR"
69.3,"5.5%",0.44,"$84,965 ",2012,"2012OR"
69.3,"5.5%",0.44,"$81,340 ",2013,"2013OR"
69.3,"5.5%",0.44,"$87,992 ",2014,"2014OR"
69.3,"5.5%",0.44,"$91,634 ",2015,"2015OR"
83.7,"7.3%",0.44,"$78,697 ",2005,"2005CA"
83.7,"7.3%",0.44,"$83,974 ",2006,"2006CA"
83.7,"7.3%",0.44,"$85,643 ",2007,"2007CA"
83.7,"7.3%",0.44,"$89,659 ",2008,"2008CA"
83.7,"7.3%",0.44,"$89,742 ",2009,"2009CA"
83.7,"7.3%",0.44,"$90,521 ",2010,"2010CA"
83.7,"7.3%",0.44,"$93,294 ",2011,"2011CA"
83.7,"7.3%",0.44,"$95,635 ",2012,"2012CA"
83.7,"7.3%",0.44,"$98,184 ",2013,"2013CA"
83.7,"7.3%",0.44,"$102,950 ",2014,"2014CA"
83.7,"7.3%",0.44,"$109,488 ",2015,"2015CA"
58.7,"2.8%",0.34,"$64,367 ",2005,"2005NV"
58.7,"2.8%",0.34,"$73,116 ",2006,"2006NV"
58.7,"2.8%",0.34,"$70,185 ",2007,"2007NV"
58.7,"2.8%",0.34,"$71,438 ",2008,"2008NV"
58.7,"2.8%",0.34,"$73,408 ",2009,"2009NV"
58.7,"2.8%",0.34,"$74,942 ",2010,"2010NV"
58.7,"2.8%",0.34,"$69,511 ",2011,"2011NV"
58.7,"2.8%",0.34,"$76,227 ",2012,"2012NV"
58.7,"2.8%",0.34,"$80,133 ",2013,"2013NV"
58.7,"2.8%",0.34,"$81,651 ",2014,"2014NV"
58.7,"2.8%",0.34,"$82,148 ",2015,"2015NV"
67.1,"5.1%",0.41,"$68,320 ",2005,"2005AZ"
67.1,"5.1%",0.41,"$72,075 ",2006,"2006AZ"
67.1,"5.1%",0.41,"$67,784 ",2007,"2007AZ"
67.1,"5.1%",0.41,"$75,138 ",2008,"2008AZ"
67.1,"5.1%",0.41,"$76,393 ",2009,"2009AZ"
67.1,"5.1%",0.41,"$75,132 ",2010,"2010AZ"
67.1,"5.1%",0.41,"$74,559 ",2011,"2011AZ"
67.1,"5.1%",0.41,"$82,645 ",2012,"2012AZ"
67.1,"5.1%",0.41,"$84,860 ",2013,"2013AZ"
67.1,"5.1%",0.41,"$84,088 ",2014,"2014AZ"
67.1,"5.1%",0.41,"$90,585 ",2015,"2015AZ"
58.7,"6.7%",0.4,"$61,744 ",2005,"2005NM"
58.7,"6.7%",0.4,"$65,879 ",2006,"2006NM"
58.7,"6.7%",0.4,"$61,144 ",2007,"2007NM"
58.7,"6.7%",0.4,"$71,095 ",2008,"2008NM"
58.7,"6.7%",0.4,"$68,680 ",2009,"2009NM"
58.7,"6.7%",0.4,"$75,094 ",2010,"2010NM"
58.7,"6.7%",0.4,"$71,333 ",2011,"2011NM"
58.7,"6.7%",0.4,"$82,259 ",2012,"2012NM"
58.7,"6.7%",0.4,"$75,814 ",2013,"2013NM"
58.7,"6.7%",0.4,"$83,563 ",2014,"2014NM"
58.7,"6.7%",0.4,"$78,340 ",2015,"2015NM"
65.2,"5.1%",0.38,"$67,274 ",2005,"2005TX"
65.2,"5.1%",0.38,"$70,199 ",2006,"2006TX"
65.2,"5.1%",0.38,"$72,900 ",2007,"2007TX"
65.2,"5.1%",0.38,"$75,295 ",2008,"2008TX"
65.2,"5.1%",0.38,"$78,027 ",2009,"2009TX"
65.2,"5.1%",0.38,"$78,438 ",2010,"2010TX"
65.2,"5.1%",0.38,"$83,751 ",2011,"2011TX"
65.2,"5.1%",0.38,"$85,672 ",2012,"2012TX"
65.2,"5.1%",0.38,"$89,026 ",2013,"2013TX"
65.2,"5.1%",0.38,"$89,793 ",2014,"2014TX"
65.2,"5.1%",0.38,"$92,389 ",2015,"2015TX"
44.1,"2.7%",0.35,"$57,746 ",2005,"2005OK"
44.1,"2.7%",0.35,"$57,508 ",2006,"2006OK"
44.1,"2.7%",0.35,"$63,775 ",2007,"2007OK"
44.1,"2.7%",0.35,"$62,786 ",2008,"2008OK"
44.1,"2.7%",0.35,"$61,706 ",2009,"2009OK"
44.1,"2.7%",0.35,"$59,794 ",2010,"2010OK"
44.1,"2.7%",0.35,"$71,040 ",2011,"2011OK"
44.1,"2.7%",0.35,"$74,062 ",2012,"2012OK"
44.1,"2.7%",0.35,"$77,464 ",2013,"2013OK"
44.1,"2.7%",0.35,"$72,637 ",2014,"2014OK"
44.1,"2.7%",0.35,"$81,114 ",2015,"2015OK"
57.3,"4.5%",0.44,"$63,744 ",2005,"2005KS"
57.3,"4.5%",0.44,"$64,844 ",2006,"2006KS"
57.3,"4.5%",0.44,"$67,657 ",2007,"2007KS"
57.3,"4.5%",0.44,"$71,686 ",2008,"2008KS"
57.3,"4.5%",0.44,"$77,761 ",2009,"2009KS"
57.3,"4.5%",0.44,"$67,641 ",2010,"2010KS"
57.3,"4.5%",0.44,"$72,419 ",2011,"2011KS"
57.3,"4.5%",0.44,"$76,333 ",2012,"2012KS"
57.3,"4.5%",0.44,"$77,022 ",2013,"2013KS"
57.3,"4.5%",0.44,"$72,791 ",2014,"2014KS"
57.3,"4.5%",0.44,"$87,212 ",2015,"2015KS"
56,"3.8%",0.43,"$57,927 ",2005,"2005NE"
56,"3.8%",0.43,"$62,608 ",2006,"2006NE"
56,"3.8%",0.43,"$69,851 ",2007,"2007NE"
56,"3.8%",0.43,"$69,237 ",2008,"2008NE"
56,"3.8%",0.43,"$70,109 ",2009,"2009NE"
56,"3.8%",0.43,"$72,889 ",2010,"2010NE"
56,"3.8%",0.43,"$76,280 ",2011,"2011NE"
56,"3.8%",0.43,"$75,477 ",2012,"2012NE"
56,"3.8%",0.43,"$73,980 ",2013,"2013NE"
56,"3.8%",0.43,"$79,495 ",2014,"2014NE"
56,"3.8%",0.43,"$81,890 ",2015,"2015NE"
49,"2.8%",0.39,"$52,230 ",2005,"2005SD"
49,"2.8%",0.39,"$65,576 ",2006,"2006SD"
49,"2.8%",0.39,"$52,933 ",2007,"2007SD"
49,"2.8%",0.39,"$62,002 ",2008,"2008SD"
49,"2.8%",0.39,"$53,584 ",2009,"2009SD"
49,"2.8%",0.39,"$53,759 ",2010,"2010SD"
49,"2.8%",0.39,"$53,726 ",2011,"2011SD"
49,"2.8%",0.39,"$57,572 ",2012,"2012SD"
49,"2.8%",0.39,"$60,515 ",2013,"2013SD"
49,"2.8%",0.39,"$71,682 ",2014,"2014SD"
49,"2.8%",0.39,"$69,922 ",2015,"2015SD"
55.8,"3.2%",0.43,"$49,332 ",2005,"2005ND"
55.8,"3.2%",0.43,"$46,571 ",2006,"2006ND"
55.8,"3.2%",0.43,"$42,278 ",2007,"2007ND"
55.8,"3.2%",0.43,"$43,049 ",2008,"2008ND"
55.8,"3.2%",0.43,"$61,046 ",2009,"2009ND"
55.8,"3.2%",0.43,"$44,264 ",2010,"2010ND"
55.8,"3.2%",0.43,"$69,215 ",2011,"2011ND"
55.8,"3.2%",0.43,"$70,288 ",2012,"2012ND"
55.8,"3.2%",0.43,"$68,350 ",2013,"2013ND"
55.8,"3.2%",0.43,"$64,550 ",2014,"2014ND"
55.8,"3.2%",0.43,"$81,192 ",2015,"2015ND"
54.4,"2.9%",0.43,"$41,553 ",2005,"2005MT"
54.4,"2.9%",0.43,"$52,280 ",2006,"2006MT"
54.4,"2.9%",0.43,"$57,069 ",2007,"2007MT"
54.4,"2.9%",0.43,"$68,635 ",2008,"2008MT"
54.4,"2.9%",0.43,"$61,096 ",2009,"2009MT"
54.4,"2.9%",0.43,"$57,421 ",2010,"2010MT"
54.4,"2.9%",0.43,"$51,123 ",2011,"2011MT"
54.4,"2.9%",0.43,"$60,037 ",2012,"2012MT"
54.4,"2.9%",0.43,"$79,220 ",2013,"2013MT"
54.4,"2.9%",0.43,"$67,820 ",2014,"2014MT"
54.4,"2.9%",0.43,"$67,046 ",2015,"2015MT"
62.3,"5.2%",0.39,"$58,879 ",2005,"2005ID"
62.3,"5.2%",0.39,"$65,962 ",2006,"2006ID"
62.3,"5.2%",0.39,"$63,394 ",2007,"2007ID"
62.3,"5.2%",0.39,"$58,993 ",2008,"2008ID"
62.3,"5.2%",0.39,"$67,832 ",2009,"2009ID"
62.3,"5.2%",0.39,"$60,326 ",2010,"2010ID"
62.3,"5.2%",0.39,"$66,700 ",2011,"2011ID"
62.3,"5.2%",0.39,"$71,784 ",2012,"2012ID"
62.3,"5.2%",0.39,"$75,815 ",2013,"2013ID"
62.3,"5.2%",0.39,"$79,739 ",2014,"2014ID"
62.3,"5.2%",0.39,"$85,452 ",2015,"2015ID"
77,"6.9%",0.46,"$60,321 ",2005,"2005UT"
77,"6.9%",0.46,"$64,124 ",2006,"2006UT"
77,"6.9%",0.46,"$65,396 ",2007,"2007UT"
77,"6.9%",0.46,"$70,730 ",2008,"2008UT"
77,"6.9%",0.46,"$74,312 ",2009,"2009UT"
77,"6.9%",0.46,"$70,450 ",2010,"2010UT"
77,"6.9%",0.46,"$74,318 ",2011,"2011UT"
77,"6.9%",0.46,"$81,548 ",2012,"2012UT"
77,"6.9%",0.46,"$89,199 ",2013,"2013UT"
77,"6.9%",0.46,"$87,343 ",2014,"2014UT"
77,"6.9%",0.46,"$89,205 ",2015,"2015UT"
81.4,"7.8%",0.53,"$70,668 ",2005,"2005CO"
81.4,"7.8%",0.53,"$74,789 ",2006,"2006CO"
81.4,"7.8%",0.53,"$75,450 ",2007,"2007CO"
81.4,"7.8%",0.53,"$79,432 ",2008,"2008CO"
81.4,"7.8%",0.53,"$77,669 ",2009,"2009CO"
81.4,"7.8%",0.53,"$81,488 ",2010,"2010CO"
81.4,"7.8%",0.53,"$86,043 ",2011,"2011CO"
81.4,"7.8%",0.53,"$89,144 ",2012,"2012CO"
81.4,"7.8%",0.53,"$91,933 ",2013,"2013CO"
81.4,"7.8%",0.53,"$92,905 ",2014,"2014CO"
81.4,"7.8%",0.53,"$98,890 ",2015,"2015CO"
48.1,"2.0%",0.38,"$67,343 ",2005,"2005WY"
48.1,"2.0%",0.38,"$65,240 ",2006,"2006WY"
48.1,"2.0%",0.38,"$46,242 ",2007,"2007WY"
48.1,"2.0%",0.38,"$47,848 ",2008,"2008WY"
48.1,"2.0%",0.38,"$55,459 ",2009,"2009WY"
48.1,"2.0%",0.38,"$54,610 ",2010,"2010WY"
48.1,"2.0%",0.38,"$65,294 ",2011,"2011WY"
48.1,"2.0%",0.38,"$75,162 ",2012,"2012WY"
48.1,"2.0%",0.38,"$96,984 ",2013,"2013WY"
48.1,"2.0%",0.38,"$60,516 ",2014,"2014WY"
48.1,"2.0%",0.38,"$71,236 ",2015,"2015WY"
47,"2.4%",0.32,"$56,167 ",2005,"2005LA"
47,"2.4%",0.32,"$57,792 ",2006,"2006LA"
47,"2.4%",0.32,"$61,955 ",2007,"2007LA"
47,"2.4%",0.32,"$64,073 ",2008,"2008LA"
47,"2.4%",0.32,"$63,166 ",2009,"2009LA"
47,"2.4%",0.32,"$66,132 ",2010,"2010LA"
47,"2.4%",0.32,"$58,535 ",2011,"2011LA"
47,"2.4%",0.32,"$68,951 ",2012,"2012LA"
47,"2.4%",0.32,"$75,985 ",2013,"2013LA"
47,"2.4%",0.32,"$76,582 ",2014,"2014LA"
47,"2.4%",0.32,"$77,582 ",2015,"2015LA"
44.2,"2.9%",0.31,"$54,645 ",2005,"2005AR"
44.2,"2.9%",0.31,"$65,822 ",2006,"2006AR"
44.2,"2.9%",0.31,"$67,397 ",2007,"2007AR"
44.2,"2.9%",0.31,"$67,056 ",2008,"2008AR"
44.2,"2.9%",0.31,"$68,432 ",2009,"2009AR"
44.2,"2.9%",0.31,"$68,130 ",2010,"2010AR"
44.2,"2.9%",0.31,"$64,370 ",2011,"2011AR"
44.2,"2.9%",0.31,"$69,791 ",2012,"2012AR"
44.2,"2.9%",0.31,"$75,186 ",2013,"2013AR"
44.2,"2.9%",0.31,"$74,353 ",2014,"2014AR"
44.2,"2.9%",0.31,"$77,553 ",2015,"2015AR"
38,"2.7%",0.32,"$47,609 ",2005,"2005MS"
38,"2.7%",0.32,"$57,385 ",2006,"2006MS"
38,"2.7%",0.32,"$47,678 ",2007,"2007MS"
38,"2.7%",0.32,"$61,778 ",2008,"2008MS"
38,"2.7%",0.32,"$60,073 ",2009,"2009MS"
38,"2.7%",0.32,"$59,329 ",2010,"2010MS"
38,"2.7%",0.32,"$60,859 ",2011,"2011MS"
38,"2.7%",0.32,"$58,196 ",2012,"2012MS"
38,"2.7%",0.32,"$48,912 ",2013,"2013MS"
38,"2.7%",0.32,"$67,002 ",2014,"2014MS"
38,"2.7%",0.32,"$60,831 ",2015,"2015MS"
56.8,"4.5%",0.39,"$62,301 ",2005,"2005MO"
56.8,"4.5%",0.39,"$61,921 ",2006,"2006MO"
56.8,"4.5%",0.39,"$62,910 ",2007,"2007MO"
56.8,"4.5%",0.39,"$69,299 ",2008,"2008MO"
56.8,"4.5%",0.39,"$72,566 ",2009,"2009MO"
56.8,"4.5%",0.39,"$65,997 ",2010,"2010MO"
56.8,"4.5%",0.39,"$69,039 ",2011,"2011MO"
56.8,"4.5%",0.39,"$78,920 ",2012,"2012MO"
56.8,"4.5%",0.39,"$73,978 ",2013,"2013MO"
56.8,"4.5%",0.39,"$84,205 ",2014,"2014MO"
56.8,"4.5%",0.39,"$83,045 ",2015,"2015MO"
54.8,"3.6%",0.4,"$60,043 ",2005,"2005IA"
54.8,"3.6%",0.4,"$58,815 ",2006,"2006IA"
54.8,"3.6%",0.4,"$63,698 ",2007,"2007IA"
54.8,"3.6%",0.4,"$61,887 ",2008,"2008IA"
54.8,"3.6%",0.4,"$64,513 ",2009,"2009IA"
54.8,"3.6%",0.4,"$66,227 ",2010,"2010IA"
54.8,"3.6%",0.4,"$65,811 ",2011,"2011IA"
54.8,"3.6%",0.4,"$69,503 ",2012,"2012IA"
54.8,"3.6%",0.4,"$71,067 ",2013,"2013IA"
54.8,"3.6%",0.4,"$73,968 ",2014,"2014IA"
54.8,"3.6%",0.4,"$80,619 ",2015,"2015IA"
71.7,"5.7%",0.48,"$70,047 ",2005,"2005MN"
71.7,"5.7%",0.48,"$74,387 ",2006,"2006MN"
71.7,"5.7%",0.48,"$75,124 ",2007,"2007MN"
71.7,"5.7%",0.48,"$79,105 ",2008,"2008MN"
71.7,"5.7%",0.48,"$79,637 ",2009,"2009MN"
71.7,"5.7%",0.48,"$80,588 ",2010,"2010MN"
71.7,"5.7%",0.48,"$79,402 ",2011,"2011MN"
71.7,"5.7%",0.48,"$86,721 ",2012,"2012MN"
71.7,"5.7%",0.48,"$85,674 ",2013,"2013MN"
71.7,"5.7%",0.48,"$90,276 ",2014,"2014MN"
71.7,"5.7%",0.48,"$98,559 ",2015,"2015MN"
57.8,"4.4%",0.4,"$56,961 ",2005,"2005WI"
57.8,"4.4%",0.4,"$64,344 ",2006,"2006WI"
57.8,"4.4%",0.4,"$65,375 ",2007,"2007WI"
57.8,"4.4%",0.4,"$71,900 ",2008,"2008WI"
57.8,"4.4%",0.4,"$68,663 ",2009,"2009WI"
57.8,"4.4%",0.4,"$74,892 ",2010,"2010WI"
57.8,"4.4%",0.4,"$71,756 ",2011,"2011WI"
57.8,"4.4%",0.4,"$78,948 ",2012,"2012WI"
57.8,"4.4%",0.4,"$76,381 ",2013,"2013WI"
57.8,"4.4%",0.4,"$81,273 ",2014,"2014WI"
57.8,"4.4%",0.4,"$93,889 ",2015,"2015WI"
67,"5.1%",0.39,"$60,220 ",2005,"2005MI"
67,"5.1%",0.39,"$63,931 ",2006,"2006MI"
67,"5.1%",0.39,"$63,699 ",2007,"2007MI"
67,"5.1%",0.39,"$68,773 ",2008,"2008MI"
67,"5.1%",0.39,"$67,929 ",2009,"2009MI"
67,"5.1%",0.39,"$70,140 ",2010,"2010MI"
67,"5.1%",0.39,"$68,771 ",2011,"2011MI"
67,"5.1%",0.39,"$75,702 ",2012,"2012MI"
67,"5.1%",0.39,"$77,783 ",2013,"2013MI"
67,"5.1%",0.39,"$82,226 ",2014,"2014MI"
67,"5.1%",0.39,"$89,876 ",2015,"2015MI"
67.1,"4.8%",0.45,"$69,482 ",2005,"2005IL"
67.1,"4.8%",0.45,"$72,777 ",2006,"2006IL"
67.1,"4.8%",0.45,"$74,886 ",2007,"2007IL"
67.1,"4.8%",0.45,"$78,274 ",2008,"2008IL"
67.1,"4.8%",0.45,"$78,918 ",2009,"2009IL"
67.1,"4.8%",0.45,"$78,168 ",2010,"2010IL"
67.1,"4.8%",0.45,"$82,840 ",2011,"2011IL"
67.1,"4.8%",0.45,"$83,838 ",2012,"2012IL"
67.1,"4.8%",0.45,"$85,474 ",2013,"2013IL"
67.1,"4.8%",0.45,"$87,605 ",2014,"2014IL"
67.1,"4.8%",0.45,"$94,020 ",2015,"2015IL"
54.6,"4.0%",0.35,"$69,481 ",2005,"2005IN"
54.6,"4.0%",0.35,"$59,587 ",2006,"2006IN"
54.6,"4.0%",0.35,"$59,214 ",2007,"2007IN"
54.6,"4.0%",0.35,"$62,726 ",2008,"2008IN"
54.6,"4.0%",0.35,"$65,754 ",2009,"2009IN"
54.6,"4.0%",0.35,"$66,430 ",2010,"2010IN"
54.6,"4.0%",0.35,"$64,852 ",2011,"2011IN"
54.6,"4.0%",0.35,"$72,674 ",2012,"2012IN"
54.6,"4.0%",0.35,"$75,140 ",2013,"2013IN"
54.6,"4.0%",0.35,"$74,159 ",2014,"2014IN"
54.6,"4.0%",0.35,"$77,780 ",2015,"2015IN"
48.4,"3.4%",0.33,"$53,774 ",2005,"2005KY"
48.4,"3.4%",0.33,"$56,297 ",2006,"2006KY"
48.4,"3.4%",0.33,"$57,916 ",2007,"2007KY"
48.4,"3.4%",0.33,"$63,782 ",2008,"2008KY"
48.4,"3.4%",0.33,"$58,613 ",2009,"2009KY"
48.4,"3.4%",0.33,"$63,184 ",2010,"2010KY"
48.4,"3.4%",0.33,"$64,442 ",2011,"2011KY"
48.4,"3.4%",0.33,"$69,136 ",2012,"2012KY"
48.4,"3.4%",0.33,"$72,752 ",2013,"2013KY"
48.4,"3.4%",0.33,"$72,579 ",2014,"2014KY"
48.4,"3.4%",0.33,"$74,535 ",2015,"2015KY"
51.3,"3.5%",0.35,"$62,596 ",2005,"2005TN"
51.3,"3.5%",0.35,"$60,769 ",2006,"2006TN"
51.3,"3.5%",0.35,"$63,395 ",2007,"2007TN"
51.3,"3.5%",0.35,"$69,784 ",2008,"2008TN"
51.3,"3.5%",0.35,"$71,313 ",2009,"2009TN"
51.3,"3.5%",0.35,"$66,273 ",2010,"2010TN"
51.3,"3.5%",0.35,"$72,771 ",2011,"2011TN"
51.3,"3.5%",0.35,"$74,432 ",2012,"2012TN"
51.3,"3.5%",0.35,"$78,361 ",2013,"2013TN"
51.3,"3.5%",0.35,"$74,061 ",2014,"2014TN"
51.3,"3.5%",0.35,"$78,987 ",2015,"2015TN"
50.4,"4.5%",0.35,"$58,701 ",2005,"2005AL"
50.4,"4.5%",0.35,"$62,771 ",2006,"2006AL"
50.4,"4.5%",0.35,"$66,386 ",2007,"2007AL"
50.4,"4.5%",0.35,"$68,243 ",2008,"2008AL"
50.4,"4.5%",0.35,"$67,594 ",2009,"2009AL"
50.4,"4.5%",0.35,"$72,955 ",2010,"2010AL"
50.4,"4.5%",0.35,"$66,563 ",2011,"2011AL"
50.4,"4.5%",0.35,"$70,546 ",2012,"2012AL"
50.4,"4.5%",0.35,"$77,901 ",2013,"2013AL"
50.4,"4.5%",0.35,"$78,822 ",2014,"2014AL"
50.4,"4.5%",0.35,"$79,252 ",2015,"2015AL"
61.6,"4.1%",0.4,"$63,248 ",2005,"2005FL"
61.6,"4.1%",0.4,"$65,772 ",2006,"2006FL"
61.6,"4.1%",0.4,"$67,915 ",2007,"2007FL"
61.6,"4.1%",0.4,"$70,103 ",2008,"2008FL"
61.6,"4.1%",0.4,"$70,384 ",2009,"2009FL"
61.6,"4.1%",0.4,"$69,539 ",2010,"2010FL"
61.6,"4.1%",0.4,"$73,423 ",2011,"2011FL"
61.6,"4.1%",0.4,"$79,199 ",2012,"2012FL"
61.6,"4.1%",0.4,"$79,171 ",2013,"2013FL"
61.6,"4.1%",0.4,"$79,388 ",2014,"2014FL"
61.6,"4.1%",0.4,"$86,960 ",2015,"2015FL"
64.3,"5.0%",0.41,"$70,447 ",2005,"2005GA"
64.3,"5.0%",0.41,"$70,314 ",2006,"2006GA"
64.3,"5.0%",0.41,"$72,802 ",2007,"2007GA"
64.3,"5.0%",0.41,"$75,260 ",2008,"2008GA"
64.3,"5.0%",0.41,"$75,708 ",2009,"2009GA"
64.3,"5.0%",0.41,"$81,025 ",2010,"2010GA"
64.3,"5.0%",0.41,"$80,252 ",2011,"2011GA"
64.3,"5.0%",0.41,"$84,993 ",2012,"2012GA"
64.3,"5.0%",0.41,"$89,856 ",2013,"2013GA"
64.3,"5.0%",0.41,"$86,080 ",2014,"2014GA"
64.3,"5.0%",0.41,"$94,560 ",2015,"2015GA"
56.6,"3.9%",0.38,"$56,265 ",2005,"2005SC"
56.6,"3.9%",0.38,"$57,831 ",2006,"2006SC"
56.6,"3.9%",0.38,"$68,048 ",2007,"2007SC"
56.6,"3.9%",0.38,"$68,237 ",2008,"2008SC"
56.6,"3.9%",0.38,"$60,913 ",2009,"2009SC"
56.6,"3.9%",0.38,"$69,815 ",2010,"2010SC"
56.6,"3.9%",0.38,"$68,234 ",2011,"2011SC"
56.6,"3.9%",0.38,"$78,280 ",2012,"2012SC"
56.6,"3.9%",0.38,"$78,149 ",2013,"2013SC"
56.6,"3.9%",0.38,"$73,374 ",2014,"2014SC"
56.6,"3.9%",0.38,"$81,221 ",2015,"2015SC"
63.1,"5.5%",0.4,"$66,254 ",2005,"2005NC"
63.1,"5.5%",0.4,"$70,921 ",2006,"2006NC"
63.1,"5.5%",0.4,"$67,470 ",2007,"2007NC"
63.1,"5.5%",0.4,"$72,510 ",2008,"2008NC"
63.1,"5.5%",0.4,"$73,418 ",2009,"2009NC"
63.1,"5.5%",0.4,"$77,892 ",2010,"2010NC"
63.1,"5.5%",0.4,"$79,132 ",2011,"2011NC"
63.1,"5.5%",0.4,"$83,460 ",2012,"2012NC"
63.1,"5.5%",0.4,"$85,889 ",2013,"2013NC"
63.1,"5.5%",0.4,"$87,824 ",2014,"2014NC"
63.1,"5.5%",0.4,"$89,039 ",2015,"2015NC"
58.3,"4.1%",0.37,"$61,827 ",2005,"2005OH"
58.3,"4.1%",0.37,"$62,403 ",2006,"2006OH"
58.3,"4.1%",0.37,"$64,705 ",2007,"2007OH"
58.3,"4.1%",0.37,"$63,804 ",2008,"2008OH"
58.3,"4.1%",0.37,"$68,292 ",2009,"2009OH"
58.3,"4.1%",0.37,"$68,876 ",2010,"2010OH"
58.3,"4.1%",0.37,"$70,749 ",2011,"2011OH"
58.3,"4.1%",0.37,"$77,363 ",2012,"2012OH"
58.3,"4.1%",0.37,"$78,280 ",2013,"2013OH"
58.3,"4.1%",0.37,"$76,059 ",2014,"2014OH"
58.3,"4.1%",0.37,"$83,720 ",2015,"2015OH"
80.9,"8.4%",0.5,"$72,806 ",2005,"2005VA"
80.9,"8.4%",0.5,"$79,261 ",2006,"2006VA"
80.9,"8.4%",0.5,"$81,603 ",2007,"2007VA"
80.9,"8.4%",0.5,"$83,933 ",2008,"2008VA"
80.9,"8.4%",0.5,"$85,675 ",2009,"2009VA"
80.9,"8.4%",0.5,"$87,694 ",2010,"2010VA"
80.9,"8.4%",0.5,"$90,301 ",2011,"2011VA"
80.9,"8.4%",0.5,"$96,539 ",2012,"2012VA"
80.9,"8.4%",0.5,"$92,943 ",2013,"2013VA"
80.9,"8.4%",0.5,"$96,658 ",2014,"2014VA"
80.9,"8.4%",0.5,"$100,550 ",2015,"2015VA"
39.8,"2.4%",0.28,"$57,120 ",2005,"2005WV"
39.8,"2.4%",0.28,"$65,261 ",2006,"2006WV"
39.8,"2.4%",0.28,"$55,740 ",2007,"2007WV"
39.8,"2.4%",0.28,"$55,289 ",2008,"2008WV"
39.8,"2.4%",0.28,"$67,700 ",2009,"2009WV"
39.8,"2.4%",0.28,"$68,025 ",2010,"2010WV"
39.8,"2.4%",0.28,"$72,974 ",2011,"2011WV"
39.8,"2.4%",0.28,"$67,218 ",2012,"2012WV"
39.8,"2.4%",0.28,"$84,111 ",2013,"2013WV"
39.8,"2.4%",0.28,"$70,897 ",2014,"2014WV"
39.8,"2.4%",0.28,"$66,805 ",2015,"2015WV"
81.5,"7.7%",0.53,"$70,917 ",2005,"2005MD"
81.5,"7.7%",0.53,"$73,450 ",2006,"2006MD"
81.5,"7.7%",0.53,"$74,953 ",2007,"2007MD"
81.5,"7.7%",0.53,"$80,662 ",2008,"2008MD"
81.5,"7.7%",0.53,"$86,374 ",2009,"2009MD"
81.5,"7.7%",0.53,"$82,549 ",2010,"2010MD"
81.5,"7.7%",0.53,"$91,343 ",2011,"2011MD"
81.5,"7.7%",0.53,"$93,098 ",2012,"2012MD"
81.5,"7.7%",0.53,"$95,786 ",2013,"2013MD"
81.5,"7.7%",0.53,"$93,748 ",2014,"2014MD"
81.5,"7.7%",0.53,"$104,570 ",2015,"2015MD"
85.1,"5.5%",0.42,"$69,086 ",2005,"2005DE"
85.1,"5.5%",0.42,"$73,718 ",2006,"2006DE"
85.1,"5.5%",0.42,"$69,566 ",2007,"2007DE"
85.1,"5.5%",0.42,"$70,707 ",2008,"2008DE"
85.1,"5.5%",0.42,"$72,706 ",2009,"2009DE"
85.1,"5.5%",0.42,"$72,887 ",2010,"2010DE"
85.1,"5.5%",0.42,"$71,658 ",2011,"2011DE"
85.1,"5.5%",0.42,"$79,012 ",2012,"2012DE"
85.1,"5.5%",0.42,"$83,630 ",2013,"2013DE"
85.1,"5.5%",0.42,"$89,315 ",2014,"2014DE"
85.1,"5.5%",0.42,"$105,867 ",2015,"2015DE"
75.4,"6.5%",0.49,"$74,556 ",2005,"2005NJ"
75.4,"6.5%",0.49,"$77,058 ",2006,"2006NJ"
75.4,"6.5%",0.49,"$78,367 ",2007,"2007NJ"
75.4,"6.5%",0.49,"$85,497 ",2008,"2008NJ"
75.4,"6.5%",0.49,"$83,617 ",2009,"2009NJ"
75.4,"6.5%",0.49,"$86,397 ",2010,"2010NJ"
75.4,"6.5%",0.49,"$87,516 ",2011,"2011NJ"
75.4,"6.5%",0.49,"$90,039 ",2012,"2012NJ"
75.4,"6.5%",0.49,"$96,264 ",2013,"2013NJ"
75.4,"6.5%",0.49,"$95,076 ",2014,"2014NJ"
75.4,"6.5%",0.49,"$102,980 ",2015,"2015NJ"
73,"4.5%",0.48,"$72,553 ",2005,"2005NY"
73,"4.5%",0.48,"$76,723 ",2006,"2006NY"
73,"4.5%",0.48,"$78,175 ",2007,"2007NY"
73,"4.5%",0.48,"$81,429 ",2008,"2008NY"
73,"4.5%",0.48,"$83,740 ",2009,"2009NY"
73,"4.5%",0.48,"$83,927 ",2010,"2010NY"
73,"4.5%",0.48,"$84,680 ",2011,"2011NY"
73,"4.5%",0.48,"$86,319 ",2012,"2012NY"
73,"4.5%",0.48,"$90,807 ",2013,"2013NY"
73,"4.5%",0.48,"$91,677 ",2014,"2014NY"
73,"4.5%",0.48,"$105,927 ",2015,"2015NY"
77.6,"5.5%",0.52,"$75,811 ",2005,"2005CT"
77.6,"5.5%",0.52,"$76,031 ",2006,"2006CT"
77.6,"5.5%",0.52,"$76,437 ",2007,"2007CT"
77.6,"5.5%",0.52,"$77,878 ",2008,"2008CT"
77.6,"5.5%",0.52,"$85,687 ",2009,"2009CT"
77.6,"5.5%",0.52,"$82,342 ",2010,"2010CT"
77.6,"5.5%",0.52,"$91,120 ",2011,"2011CT"
77.6,"5.5%",0.52,"$85,952 ",2012,"2012CT"
77.6,"5.5%",0.52,"$89,317 ",2013,"2013CT"
77.6,"5.5%",0.52,"$92,395 ",2014,"2014CT"
77.6,"5.5%",0.52,"$93,296 ",2015,"2015CT"
66.8,"5.2%",0.46,"$67,985 ",2005,"2005RI"
66.8,"5.2%",0.46,"$69,666 ",2006,"2006RI"
66.8,"5.2%",0.46,"$65,892 ",2007,"2007RI"
66.8,"5.2%",0.46,"$78,435 ",2008,"2008RI"
66.8,"5.2%",0.46,"$78,199 ",2009,"2009RI"
66.8,"5.2%",0.46,"$74,858 ",2010,"2010RI"
66.8,"5.2%",0.46,"$78,397 ",2011,"2011RI"
66.8,"5.2%",0.46,"$83,265 ",2012,"2012RI"
66.8,"5.2%",0.46,"$85,555 ",2013,"2013RI"
66.8,"5.2%",0.46,"$89,595 ",2014,"2014RI"
66.8,"5.2%",0.46,"$82,945 ",2015,"2015RI"
94.7,"9.0%",0.55,"$77,467 ",2005,"2005MA"
94.7,"9.0%",0.55,"$79,464 ",2006,"2006MA"
94.7,"9.0%",0.55,"$82,771 ",2007,"2007MA"
94.7,"9.0%",0.55,"$84,271 ",2008,"2008MA"
94.7,"9.0%",0.55,"$84,854 ",2009,"2009MA"
94.7,"9.0%",0.55,"$86,541 ",2010,"2010MA"
94.7,"9.0%",0.55,"$88,872 ",2011,"2011MA"
94.7,"9.0%",0.55,"$94,890 ",2012,"2012MA"
94.7,"9.0%",0.55,"$95,264 ",2013,"2013MA"
94.7,"9.0%",0.55,"$96,751 ",2014,"2014MA"
94.7,"9.0%",0.55,"$103,373 ",2015,"2015MA"
69.5,"5.5%",0.51,"$78,181 ",2005,"2005VT"
69.5,"5.5%",0.51,"$65,040 ",2006,"2006VT"
69.5,"5.5%",0.51,"$77,321 ",2007,"2007VT"
69.5,"5.5%",0.51,"$87,497 ",2008,"2008VT"
69.5,"5.5%",0.51,"$61,082 ",2009,"2009VT"
69.5,"5.5%",0.51,"$67,626 ",2010,"2010VT"
69.5,"5.5%",0.51,"$62,896 ",2011,"2011VT"
69.5,"5.5%",0.51,"$69,346 ",2012,"2012VT"
69.5,"5.5%",0.51,"$80,809 ",2013,"2013VT"
69.5,"5.5%",0.51,"$87,484 ",2014,"2014VT"
69.5,"5.5%",0.51,"$77,758 ",2015,"2015VT"
74.6,"7.2%",0.49,"$67,575 ",2005,"2005NH"
74.6,"7.2%",0.49,"$79,292 ",2006,"2006NH"
74.6,"7.2%",0.49,"$76,911 ",2007,"2007NH"
74.6,"7.2%",0.49,"$80,057 ",2008,"2008NH"
74.6,"7.2%",0.49,"$83,610 ",2009,"2009NH"
74.6,"7.2%",0.49,"$76,385 ",2010,"2010NH"
74.6,"7.2%",0.49,"$72,860 ",2011,"2011NH"
74.6,"7.2%",0.49,"$90,159 ",2012,"2012NH"
74.6,"7.2%",0.49,"$85,394 ",2013,"2013NH"
74.6,"7.2%",0.49,"$86,438 ",2014,"2014NH"
74.6,"7.2%",0.49,"$95,462 ",2015,"2015NH"
58.3,"3.1%",0.41,"$69,540 ",2005,"2005ME"
58.3,"3.1%",0.41,"$60,980 ",2006,"2006ME"
58.3,"3.1%",0.41,"$64,165 ",2007,"2007ME"
58.3,"3.1%",0.41," n/a",2008,"2008ME"
58.3,"3.1%",0.41,"$67,361 ",2009,"2009ME"
58.3,"3.1%",0.41,"$68,909 ",2010,"2010ME"
58.3,"3.1%",0.41,"$67,940 ",2011,"2011ME"
58.3,"3.1%",0.41,"$78,253 ",2012,"2012ME"
58.3,"3.1%",0.41,"$75,728 ",2013,"2013ME"
58.3,"3.1%",0.41,"$87,212 ",2014,"2014ME"
58.3,"3.1%",0.41,"$67,715 ",2015,"2015ME"
