CREATE DATABASE  IF NOT EXISTS `dice_analysis` /*!40100 DEFAULT CHARACTER SET utf8 */;
USE `dice_analysis`;
-- MySQL dump 10.13  Distrib 5.7.12, for Win32 (AMD64)
--
-- Host: localhost    Database: dice_analysis
-- ------------------------------------------------------
-- Server version	5.7.16-log

/*!40101 SET @OLD_CHARACTER_SET_CLIENT=@@CHARACTER_SET_CLIENT */;
/*!40101 SET @OLD_CHARACTER_SET_RESULTS=@@CHARACTER_SET_RESULTS */;
/*!40101 SET @OLD_COLLATION_CONNECTION=@@COLLATION_CONNECTION */;
/*!40101 SET NAMES utf8 */;
/*!40103 SET @OLD_TIME_ZONE=@@TIME_ZONE */;
/*!40103 SET TIME_ZONE='+00:00' */;
/*!40014 SET @OLD_UNIQUE_CHECKS=@@UNIQUE_CHECKS, UNIQUE_CHECKS=0 */;
/*!40014 SET @OLD_FOREIGN_KEY_CHECKS=@@FOREIGN_KEY_CHECKS, FOREIGN_KEY_CHECKS=0 */;
/*!40101 SET @OLD_SQL_MODE=@@SQL_MODE, SQL_MODE='NO_AUTO_VALUE_ON_ZERO' */;
/*!40111 SET @OLD_SQL_NOTES=@@SQL_NOTES, SQL_NOTES=0 */;

--
-- Table structure for table `dice_salary`
--

DROP TABLE IF EXISTS `dice_salary`;
/*!40101 SET @saved_cs_client     = @@character_set_client */;
/*!40101 SET character_set_client = utf8 */;
CREATE TABLE `dice_salary` (
  `id` int(11) DEFAULT NULL,
  `state` text,
  `year` int(11) DEFAULT NULL,
  `salary` text,
  `stateyear` text
) ENGINE=InnoDB DEFAULT CHARSET=utf8;
/*!40101 SET character_set_client = @saved_cs_client */;

--
-- Dumping data for table `dice_salary`
--

LOCK TABLES `dice_salary` WRITE;
/*!40000 ALTER TABLE `dice_salary` DISABLE KEYS */;
INSERT INTO `dice_salary` VALUES (1,'WA',2005,'$70,461 ','2005WA'),(2,'WA',2006,'$76,963 ','2006WA'),(3,'WA',2007,'$77,284 ','2007WA'),(4,'WA',2008,'$79,053 ','2008WA'),(5,'WA',2009,'$83,121 ','2009WA'),(6,'WA',2010,'$83,654 ','2010WA'),(7,'WA',2011,'$86,447 ','2011WA'),(8,'WA',2012,'$92,290 ','2012WA'),(9,'WA',2013,'$94,235 ','2013WA'),(10,'WA',2014,'$96,241 ','2014WA'),(11,'WA',2015,'$103,750 ','2015WA'),(12,'OR',2005,'$66,575 ','2005OR'),(13,'OR',2006,'$69,915 ','2006OR'),(14,'OR',2007,'$69,509 ','2007OR'),(15,'OR',2008,'$76,262 ','2008OR'),(16,'OR',2009,'$74,898 ','2009OR'),(17,'OR',2010,'$71,864 ','2010OR'),(18,'OR',2011,'$80,426 ','2011OR'),(19,'OR',2012,'$84,965 ','2012OR'),(20,'OR',2013,'$81,340 ','2013OR'),(21,'OR',2014,'$87,992 ','2014OR'),(22,'OR',2015,'$91,634 ','2015OR'),(23,'CA',2005,'$78,697 ','2005CA'),(24,'CA',2006,'$83,974 ','2006CA'),(25,'CA',2007,'$85,643 ','2007CA'),(26,'CA',2008,'$89,659 ','2008CA'),(27,'CA',2009,'$89,742 ','2009CA'),(28,'CA',2010,'$90,521 ','2010CA'),(29,'CA',2011,'$93,294 ','2011CA'),(30,'CA',2012,'$95,635 ','2012CA'),(31,'CA',2013,'$98,184 ','2013CA'),(32,'CA',2014,'$102,950 ','2014CA'),(33,'CA',2015,'$109,488 ','2015CA'),(34,'NV',2005,'$64,367 ','2005NV'),(35,'NV',2006,'$73,116 ','2006NV'),(36,'NV',2007,'$70,185 ','2007NV'),(37,'NV',2008,'$71,438 ','2008NV'),(38,'NV',2009,'$73,408 ','2009NV'),(39,'NV',2010,'$74,942 ','2010NV'),(40,'NV',2011,'$69,511 ','2011NV'),(41,'NV',2012,'$76,227 ','2012NV'),(42,'NV',2013,'$80,133 ','2013NV'),(43,'NV',2014,'$81,651 ','2014NV'),(44,'NV',2015,'$82,148 ','2015NV'),(45,'AZ',2005,'$68,320 ','2005AZ'),(46,'AZ',2006,'$72,075 ','2006AZ'),(47,'AZ',2007,'$67,784 ','2007AZ'),(48,'AZ',2008,'$75,138 ','2008AZ'),(49,'AZ',2009,'$76,393 ','2009AZ'),(50,'AZ',2010,'$75,132 ','2010AZ'),(51,'AZ',2011,'$74,559 ','2011AZ'),(52,'AZ',2012,'$82,645 ','2012AZ'),(53,'AZ',2013,'$84,860 ','2013AZ'),(54,'AZ',2014,'$84,088 ','2014AZ'),(55,'AZ',2015,'$90,585 ','2015AZ'),(56,'NM',2005,'$61,744 ','2005NM'),(57,'NM',2006,'$65,879 ','2006NM'),(58,'NM',2007,'$61,144 ','2007NM'),(59,'NM',2008,'$71,095 ','2008NM'),(60,'NM',2009,'$68,680 ','2009NM'),(61,'NM',2010,'$75,094 ','2010NM'),(62,'NM',2011,'$71,333 ','2011NM'),(63,'NM',2012,'$82,259 ','2012NM'),(64,'NM',2013,'$75,814 ','2013NM'),(65,'NM',2014,'$83,563 ','2014NM'),(66,'NM',2015,'$78,340 ','2015NM'),(67,'TX',2005,'$67,274 ','2005TX'),(68,'TX',2006,'$70,199 ','2006TX'),(69,'TX',2007,'$72,900 ','2007TX'),(70,'TX',2008,'$75,295 ','2008TX'),(71,'TX',2009,'$78,027 ','2009TX'),(72,'TX',2010,'$78,438 ','2010TX'),(73,'TX',2011,'$83,751 ','2011TX'),(74,'TX',2012,'$85,672 ','2012TX'),(75,'TX',2013,'$89,026 ','2013TX'),(76,'TX',2014,'$89,793 ','2014TX'),(77,'TX',2015,'$92,389 ','2015TX'),(78,'OK',2005,'$57,746 ','2005OK'),(79,'OK',2006,'$57,508 ','2006OK'),(80,'OK',2007,'$63,775 ','2007OK'),(81,'OK',2008,'$62,786 ','2008OK'),(82,'OK',2009,'$61,706 ','2009OK'),(83,'OK',2010,'$59,794 ','2010OK'),(84,'OK',2011,'$71,040 ','2011OK'),(85,'OK',2012,'$74,062 ','2012OK'),(86,'OK',2013,'$77,464 ','2013OK'),(87,'OK',2014,'$72,637 ','2014OK'),(88,'OK',2015,'$81,114 ','2015OK'),(89,'KS',2005,'$63,744 ','2005KS'),(90,'KS',2006,'$64,844 ','2006KS'),(91,'KS',2007,'$67,657 ','2007KS'),(92,'KS',2008,'$71,686 ','2008KS'),(93,'KS',2009,'$77,761 ','2009KS'),(94,'KS',2010,'$67,641 ','2010KS'),(95,'KS',2011,'$72,419 ','2011KS'),(96,'KS',2012,'$76,333 ','2012KS'),(97,'KS',2013,'$77,022 ','2013KS'),(98,'KS',2014,'$72,791 ','2014KS'),(99,'KS',2015,'$87,212 ','2015KS'),(100,'NE',2005,'$57,927 ','2005NE'),(101,'NE',2006,'$62,608 ','2006NE'),(102,'NE',2007,'$69,851 ','2007NE'),(103,'NE',2008,'$69,237 ','2008NE'),(104,'NE',2009,'$70,109 ','2009NE'),(105,'NE',2010,'$72,889 ','2010NE'),(106,'NE',2011,'$76,280 ','2011NE'),(107,'NE',2012,'$75,477 ','2012NE'),(108,'NE',2013,'$73,980 ','2013NE'),(109,'NE',2014,'$79,495 ','2014NE'),(110,'NE',2015,'$81,890 ','2015NE'),(111,'SD',2005,'$52,230 ','2005SD'),(112,'SD',2006,'$65,576 ','2006SD'),(113,'SD',2007,'$52,933 ','2007SD'),(114,'SD',2008,'$62,002 ','2008SD'),(115,'SD',2009,'$53,584 ','2009SD'),(116,'SD',2010,'$53,759 ','2010SD'),(117,'SD',2011,'$53,726 ','2011SD'),(118,'SD',2012,'$57,572 ','2012SD'),(119,'SD',2013,'$60,515 ','2013SD'),(120,'SD',2014,'$71,682 ','2014SD'),(121,'SD',2015,'$69,922 ','2015SD'),(122,'ND',2005,'$49,332 ','2005ND'),(123,'ND',2006,'$46,571 ','2006ND'),(124,'ND',2007,'$42,278 ','2007ND'),(125,'ND',2008,'$43,049 ','2008ND'),(126,'ND',2009,'$61,046 ','2009ND'),(127,'ND',2010,'$44,264 ','2010ND'),(128,'ND',2011,'$69,215 ','2011ND'),(129,'ND',2012,'$70,288 ','2012ND'),(130,'ND',2013,'$68,350 ','2013ND'),(131,'ND',2014,'$64,550 ','2014ND'),(132,'ND',2015,'$81,192 ','2015ND'),(133,'MT',2005,'$41,553 ','2005MT'),(134,'MT',2006,'$52,280 ','2006MT'),(135,'MT',2007,'$57,069 ','2007MT'),(136,'MT',2008,'$68,635 ','2008MT'),(137,'MT',2009,'$61,096 ','2009MT'),(138,'MT',2010,'$57,421 ','2010MT'),(139,'MT',2011,'$51,123 ','2011MT'),(140,'MT',2012,'$60,037 ','2012MT'),(141,'MT',2013,'$79,220 ','2013MT'),(142,'MT',2014,'$67,820 ','2014MT'),(143,'MT',2015,'$67,046 ','2015MT'),(144,'ID',2005,'$58,879 ','2005ID'),(145,'ID',2006,'$65,962 ','2006ID'),(146,'ID',2007,'$63,394 ','2007ID'),(147,'ID',2008,'$58,993 ','2008ID'),(148,'ID',2009,'$67,832 ','2009ID'),(149,'ID',2010,'$60,326 ','2010ID'),(150,'ID',2011,'$66,700 ','2011ID'),(151,'ID',2012,'$71,784 ','2012ID'),(152,'ID',2013,'$75,815 ','2013ID'),(153,'ID',2014,'$79,739 ','2014ID'),(154,'ID',2015,'$85,452 ','2015ID'),(155,'UT',2005,'$60,321 ','2005UT'),(156,'UT',2006,'$64,124 ','2006UT'),(157,'UT',2007,'$65,396 ','2007UT'),(158,'UT',2008,'$70,730 ','2008UT'),(159,'UT',2009,'$74,312 ','2009UT'),(160,'UT',2010,'$70,450 ','2010UT'),(161,'UT',2011,'$74,318 ','2011UT'),(162,'UT',2012,'$81,548 ','2012UT'),(163,'UT',2013,'$89,199 ','2013UT'),(164,'UT',2014,'$87,343 ','2014UT'),(165,'UT',2015,'$89,205 ','2015UT'),(166,'CO',2005,'$70,668 ','2005CO'),(167,'CO',2006,'$74,789 ','2006CO'),(168,'CO',2007,'$75,450 ','2007CO'),(169,'CO',2008,'$79,432 ','2008CO'),(170,'CO',2009,'$77,669 ','2009CO'),(171,'CO',2010,'$81,488 ','2010CO'),(172,'CO',2011,'$86,043 ','2011CO'),(173,'CO',2012,'$89,144 ','2012CO'),(174,'CO',2013,'$91,933 ','2013CO'),(175,'CO',2014,'$92,905 ','2014CO'),(176,'CO',2015,'$98,890 ','2015CO'),(177,'WY',2005,'$67,343 ','2005WY'),(178,'WY',2006,'$65,240 ','2006WY'),(179,'WY',2007,'$46,242 ','2007WY'),(180,'WY',2008,'$47,848 ','2008WY'),(181,'WY',2009,'$55,459 ','2009WY'),(182,'WY',2010,'$54,610 ','2010WY'),(183,'WY',2011,'$65,294 ','2011WY'),(184,'WY',2012,'$75,162 ','2012WY'),(185,'WY',2013,'$96,984 ','2013WY'),(186,'WY',2014,'$60,516 ','2014WY'),(187,'WY',2015,'$71,236 ','2015WY'),(188,'LA',2005,'$56,167 ','2005LA'),(189,'LA',2006,'$57,792 ','2006LA'),(190,'LA',2007,'$61,955 ','2007LA'),(191,'LA',2008,'$64,073 ','2008LA'),(192,'LA',2009,'$63,166 ','2009LA'),(193,'LA',2010,'$66,132 ','2010LA'),(194,'LA',2011,'$58,535 ','2011LA'),(195,'LA',2012,'$68,951 ','2012LA'),(196,'LA',2013,'$75,985 ','2013LA'),(197,'LA',2014,'$76,582 ','2014LA'),(198,'LA',2015,'$77,582 ','2015LA'),(199,'AR',2005,'$54,645 ','2005AR'),(200,'AR',2006,'$65,822 ','2006AR'),(201,'AR',2007,'$67,397 ','2007AR'),(202,'AR',2008,'$67,056 ','2008AR'),(203,'AR',2009,'$68,432 ','2009AR'),(204,'AR',2010,'$68,130 ','2010AR'),(205,'AR',2011,'$64,370 ','2011AR'),(206,'AR',2012,'$69,791 ','2012AR'),(207,'AR',2013,'$75,186 ','2013AR'),(208,'AR',2014,'$74,353 ','2014AR'),(209,'AR',2015,'$77,553 ','2015AR'),(210,'MS',2005,'$47,609 ','2005MS'),(211,'MS',2006,'$57,385 ','2006MS'),(212,'MS',2007,'$47,678 ','2007MS'),(213,'MS',2008,'$61,778 ','2008MS'),(214,'MS',2009,'$60,073 ','2009MS'),(215,'MS',2010,'$59,329 ','2010MS'),(216,'MS',2011,'$60,859 ','2011MS'),(217,'MS',2012,'$58,196 ','2012MS'),(218,'MS',2013,'$48,912 ','2013MS'),(219,'MS',2014,'$67,002 ','2014MS'),(220,'MS',2015,'$60,831 ','2015MS'),(221,'MO',2005,'$62,301 ','2005MO'),(222,'MO',2006,'$61,921 ','2006MO'),(223,'MO',2007,'$62,910 ','2007MO'),(224,'MO',2008,'$69,299 ','2008MO'),(225,'MO',2009,'$72,566 ','2009MO'),(226,'MO',2010,'$65,997 ','2010MO'),(227,'MO',2011,'$69,039 ','2011MO'),(228,'MO',2012,'$78,920 ','2012MO'),(229,'MO',2013,'$73,978 ','2013MO'),(230,'MO',2014,'$84,205 ','2014MO'),(231,'MO',2015,'$83,045 ','2015MO'),(232,'IA',2005,'$60,043 ','2005IA'),(233,'IA',2006,'$58,815 ','2006IA'),(234,'IA',2007,'$63,698 ','2007IA'),(235,'IA',2008,'$61,887 ','2008IA'),(236,'IA',2009,'$64,513 ','2009IA'),(237,'IA',2010,'$66,227 ','2010IA'),(238,'IA',2011,'$65,811 ','2011IA'),(239,'IA',2012,'$69,503 ','2012IA'),(240,'IA',2013,'$71,067 ','2013IA'),(241,'IA',2014,'$73,968 ','2014IA'),(242,'IA',2015,'$80,619 ','2015IA'),(243,'MN',2005,'$70,047 ','2005MN'),(244,'MN',2006,'$74,387 ','2006MN'),(245,'MN',2007,'$75,124 ','2007MN'),(246,'MN',2008,'$79,105 ','2008MN'),(247,'MN',2009,'$79,637 ','2009MN'),(248,'MN',2010,'$80,588 ','2010MN'),(249,'MN',2011,'$79,402 ','2011MN'),(250,'MN',2012,'$86,721 ','2012MN'),(251,'MN',2013,'$85,674 ','2013MN'),(252,'MN',2014,'$90,276 ','2014MN'),(253,'MN',2015,'$98,559 ','2015MN'),(254,'WI',2005,'$56,961 ','2005WI'),(255,'WI',2006,'$64,344 ','2006WI'),(256,'WI',2007,'$65,375 ','2007WI'),(257,'WI',2008,'$71,900 ','2008WI'),(258,'WI',2009,'$68,663 ','2009WI'),(259,'WI',2010,'$74,892 ','2010WI'),(260,'WI',2011,'$71,756 ','2011WI'),(261,'WI',2012,'$78,948 ','2012WI'),(262,'WI',2013,'$76,381 ','2013WI'),(263,'WI',2014,'$81,273 ','2014WI'),(264,'WI',2015,'$93,889 ','2015WI'),(265,'MI',2005,'$60,220 ','2005MI'),(266,'MI',2006,'$63,931 ','2006MI'),(267,'MI',2007,'$63,699 ','2007MI'),(268,'MI',2008,'$68,773 ','2008MI'),(269,'MI',2009,'$67,929 ','2009MI'),(270,'MI',2010,'$70,140 ','2010MI'),(271,'MI',2011,'$68,771 ','2011MI'),(272,'MI',2012,'$75,702 ','2012MI'),(273,'MI',2013,'$77,783 ','2013MI'),(274,'MI',2014,'$82,226 ','2014MI'),(275,'MI',2015,'$89,876 ','2015MI'),(276,'IL',2005,'$69,482 ','2005IL'),(277,'IL',2006,'$72,777 ','2006IL'),(278,'IL',2007,'$74,886 ','2007IL'),(279,'IL',2008,'$78,274 ','2008IL'),(280,'IL',2009,'$78,918 ','2009IL'),(281,'IL',2010,'$78,168 ','2010IL'),(282,'IL',2011,'$82,840 ','2011IL'),(283,'IL',2012,'$83,838 ','2012IL'),(284,'IL',2013,'$85,474 ','2013IL'),(285,'IL',2014,'$87,605 ','2014IL'),(286,'IL',2015,'$94,020 ','2015IL'),(287,'IN',2005,'$69,481 ','2005IN'),(288,'IN',2006,'$59,587 ','2006IN'),(289,'IN',2007,'$59,214 ','2007IN'),(290,'IN',2008,'$62,726 ','2008IN'),(291,'IN',2009,'$65,754 ','2009IN'),(292,'IN',2010,'$66,430 ','2010IN'),(293,'IN',2011,'$64,852 ','2011IN'),(294,'IN',2012,'$72,674 ','2012IN'),(295,'IN',2013,'$75,140 ','2013IN'),(296,'IN',2014,'$74,159 ','2014IN'),(297,'IN',2015,'$77,780 ','2015IN'),(298,'KY',2005,'$53,774 ','2005KY'),(299,'KY',2006,'$56,297 ','2006KY'),(300,'KY',2007,'$57,916 ','2007KY'),(301,'KY',2008,'$63,782 ','2008KY'),(302,'KY',2009,'$58,613 ','2009KY'),(303,'KY',2010,'$63,184 ','2010KY'),(304,'KY',2011,'$64,442 ','2011KY'),(305,'KY',2012,'$69,136 ','2012KY'),(306,'KY',2013,'$72,752 ','2013KY'),(307,'KY',2014,'$72,579 ','2014KY'),(308,'KY',2015,'$74,535 ','2015KY'),(309,'TN',2005,'$62,596 ','2005TN'),(310,'TN',2006,'$60,769 ','2006TN'),(311,'TN',2007,'$63,395 ','2007TN'),(312,'TN',2008,'$69,784 ','2008TN'),(313,'TN',2009,'$71,313 ','2009TN'),(314,'TN',2010,'$66,273 ','2010TN'),(315,'TN',2011,'$72,771 ','2011TN'),(316,'TN',2012,'$74,432 ','2012TN'),(317,'TN',2013,'$78,361 ','2013TN'),(318,'TN',2014,'$74,061 ','2014TN'),(319,'TN',2015,'$78,987 ','2015TN'),(320,'AL',2005,'$58,701 ','2005AL'),(321,'AL',2006,'$62,771 ','2006AL'),(322,'AL',2007,'$66,386 ','2007AL'),(323,'AL',2008,'$68,243 ','2008AL'),(324,'AL',2009,'$67,594 ','2009AL'),(325,'AL',2010,'$72,955 ','2010AL'),(326,'AL',2011,'$66,563 ','2011AL'),(327,'AL',2012,'$70,546 ','2012AL'),(328,'AL',2013,'$77,901 ','2013AL'),(329,'AL',2014,'$78,822 ','2014AL'),(330,'AL',2015,'$79,252 ','2015AL'),(331,'FL',2005,'$63,248 ','2005FL'),(332,'FL',2006,'$65,772 ','2006FL'),(333,'FL',2007,'$67,915 ','2007FL'),(334,'FL',2008,'$70,103 ','2008FL'),(335,'FL',2009,'$70,384 ','2009FL'),(336,'FL',2010,'$69,539 ','2010FL'),(337,'FL',2011,'$73,423 ','2011FL'),(338,'FL',2012,'$79,199 ','2012FL'),(339,'FL',2013,'$79,171 ','2013FL'),(340,'FL',2014,'$79,388 ','2014FL'),(341,'FL',2015,'$86,960 ','2015FL'),(342,'GA',2005,'$70,447 ','2005GA'),(343,'GA',2006,'$70,314 ','2006GA'),(344,'GA',2007,'$72,802 ','2007GA'),(345,'GA',2008,'$75,260 ','2008GA'),(346,'GA',2009,'$75,708 ','2009GA'),(347,'GA',2010,'$81,025 ','2010GA'),(348,'GA',2011,'$80,252 ','2011GA'),(349,'GA',2012,'$84,993 ','2012GA'),(350,'GA',2013,'$89,856 ','2013GA'),(351,'GA',2014,'$86,080 ','2014GA'),(352,'GA',2015,'$94,560 ','2015GA'),(353,'SC',2005,'$56,265 ','2005SC'),(354,'SC',2006,'$57,831 ','2006SC'),(355,'SC',2007,'$68,048 ','2007SC'),(356,'SC',2008,'$68,237 ','2008SC'),(357,'SC',2009,'$60,913 ','2009SC'),(358,'SC',2010,'$69,815 ','2010SC'),(359,'SC',2011,'$68,234 ','2011SC'),(360,'SC',2012,'$78,280 ','2012SC'),(361,'SC',2013,'$78,149 ','2013SC'),(362,'SC',2014,'$73,374 ','2014SC'),(363,'SC',2015,'$81,221 ','2015SC'),(364,'NC',2005,'$66,254 ','2005NC'),(365,'NC',2006,'$70,921 ','2006NC'),(366,'NC',2007,'$67,470 ','2007NC'),(367,'NC',2008,'$72,510 ','2008NC'),(368,'NC',2009,'$73,418 ','2009NC'),(369,'NC',2010,'$77,892 ','2010NC'),(370,'NC',2011,'$79,132 ','2011NC'),(371,'NC',2012,'$83,460 ','2012NC'),(372,'NC',2013,'$85,889 ','2013NC'),(373,'NC',2014,'$87,824 ','2014NC'),(374,'NC',2015,'$89,039 ','2015NC'),(375,'OH',2005,'$61,827 ','2005OH'),(376,'OH',2006,'$62,403 ','2006OH'),(377,'OH',2007,'$64,705 ','2007OH'),(378,'OH',2008,'$63,804 ','2008OH'),(379,'OH',2009,'$68,292 ','2009OH'),(380,'OH',2010,'$68,876 ','2010OH'),(381,'OH',2011,'$70,749 ','2011OH'),(382,'OH',2012,'$77,363 ','2012OH'),(383,'OH',2013,'$78,280 ','2013OH'),(384,'OH',2014,'$76,059 ','2014OH'),(385,'OH',2015,'$83,720 ','2015OH'),(386,'VA',2005,'$72,806 ','2005VA'),(387,'VA',2006,'$79,261 ','2006VA'),(388,'VA',2007,'$81,603 ','2007VA'),(389,'VA',2008,'$83,933 ','2008VA'),(390,'VA',2009,'$85,675 ','2009VA'),(391,'VA',2010,'$87,694 ','2010VA'),(392,'VA',2011,'$90,301 ','2011VA'),(393,'VA',2012,'$96,539 ','2012VA'),(394,'VA',2013,'$92,943 ','2013VA'),(395,'VA',2014,'$96,658 ','2014VA'),(396,'VA',2015,'$100,550 ','2015VA'),(397,'WV',2005,'$57,120 ','2005WV'),(398,'WV',2006,'$65,261 ','2006WV'),(399,'WV',2007,'$55,740 ','2007WV'),(400,'WV',2008,'$55,289 ','2008WV'),(401,'WV',2009,'$67,700 ','2009WV'),(402,'WV',2010,'$68,025 ','2010WV'),(403,'WV',2011,'$72,974 ','2011WV'),(404,'WV',2012,'$67,218 ','2012WV'),(405,'WV',2013,'$84,111 ','2013WV'),(406,'WV',2014,'$70,897 ','2014WV'),(407,'WV',2015,'$66,805 ','2015WV'),(408,'MD',2005,'$70,917 ','2005MD'),(409,'MD',2006,'$73,450 ','2006MD'),(410,'MD',2007,'$74,953 ','2007MD'),(411,'MD',2008,'$80,662 ','2008MD'),(412,'MD',2009,'$86,374 ','2009MD'),(413,'MD',2010,'$82,549 ','2010MD'),(414,'MD',2011,'$91,343 ','2011MD'),(415,'MD',2012,'$93,098 ','2012MD'),(416,'MD',2013,'$95,786 ','2013MD'),(417,'MD',2014,'$93,748 ','2014MD'),(418,'MD',2015,'$104,570 ','2015MD'),(419,'DE',2005,'$69,086 ','2005DE'),(420,'DE',2006,'$73,718 ','2006DE'),(421,'DE',2007,'$69,566 ','2007DE'),(422,'DE',2008,'$70,707 ','2008DE'),(423,'DE',2009,'$72,706 ','2009DE'),(424,'DE',2010,'$72,887 ','2010DE'),(425,'DE',2011,'$71,658 ','2011DE'),(426,'DE',2012,'$79,012 ','2012DE'),(427,'DE',2013,'$83,630 ','2013DE'),(428,'DE',2014,'$89,315 ','2014DE'),(429,'DE',2015,'$105,867 ','2015DE'),(430,'NJ',2005,'$74,556 ','2005NJ'),(431,'NJ',2006,'$77,058 ','2006NJ'),(432,'NJ',2007,'$78,367 ','2007NJ'),(433,'NJ',2008,'$85,497 ','2008NJ'),(434,'NJ',2009,'$83,617 ','2009NJ'),(435,'NJ',2010,'$86,397 ','2010NJ'),(436,'NJ',2011,'$87,516 ','2011NJ'),(437,'NJ',2012,'$90,039 ','2012NJ'),(438,'NJ',2013,'$96,264 ','2013NJ'),(439,'NJ',2014,'$95,076 ','2014NJ'),(440,'NJ',2015,'$102,980 ','2015NJ'),(441,'PN',2005,'$64,630 ','2005PN'),(442,'PN',2006,'$66,260 ','2006PN'),(443,'PN',2007,'$69,595 ','2007PN'),(444,'PN',2008,'$72,629 ','2008PN'),(445,'PN',2009,'$72,510 ','2009PN'),(446,'PN',2010,'$74,758 ','2010PN'),(447,'PN',2011,'$73,063 ','2011PN'),(448,'PN',2012,'$78,679 ','2012PN'),(449,'PN',2013,'$81,380 ','2013PN'),(450,'PN',2014,'$84,614 ','2014PN'),(451,'PN',2015,'$88,279 ','2015PN'),(452,'NY',2005,'$72,553 ','2005NY'),(453,'NY',2006,'$76,723 ','2006NY'),(454,'NY',2007,'$78,175 ','2007NY'),(455,'NY',2008,'$81,429 ','2008NY'),(456,'NY',2009,'$83,740 ','2009NY'),(457,'NY',2010,'$83,927 ','2010NY'),(458,'NY',2011,'$84,680 ','2011NY'),(459,'NY',2012,'$86,319 ','2012NY'),(460,'NY',2013,'$90,807 ','2013NY'),(461,'NY',2014,'$91,677 ','2014NY'),(462,'NY',2015,'$105,927 ','2015NY'),(463,'CT',2005,'$75,811 ','2005CT'),(464,'CT',2006,'$76,031 ','2006CT'),(465,'CT',2007,'$76,437 ','2007CT'),(466,'CT',2008,'$77,878 ','2008CT'),(467,'CT',2009,'$85,687 ','2009CT'),(468,'CT',2010,'$82,342 ','2010CT'),(469,'CT',2011,'$91,120 ','2011CT'),(470,'CT',2012,'$85,952 ','2012CT'),(471,'CT',2013,'$89,317 ','2013CT'),(472,'CT',2014,'$92,395 ','2014CT'),(473,'CT',2015,'$93,296 ','2015CT'),(474,'RI',2005,'$67,985 ','2005RI'),(475,'RI',2006,'$69,666 ','2006RI'),(476,'RI',2007,'$65,892 ','2007RI'),(477,'RI',2008,'$78,435 ','2008RI'),(478,'RI',2009,'$78,199 ','2009RI'),(479,'RI',2010,'$74,858 ','2010RI'),(480,'RI',2011,'$78,397 ','2011RI'),(481,'RI',2012,'$83,265 ','2012RI'),(482,'RI',2013,'$85,555 ','2013RI'),(483,'RI',2014,'$89,595 ','2014RI'),(484,'RI',2015,'$82,945 ','2015RI'),(485,'MA',2005,'$77,467 ','2005MA'),(486,'MA',2006,'$79,464 ','2006MA'),(487,'MA',2007,'$82,771 ','2007MA'),(488,'MA',2008,'$84,271 ','2008MA'),(489,'MA',2009,'$84,854 ','2009MA'),(490,'MA',2010,'$86,541 ','2010MA'),(491,'MA',2011,'$88,872 ','2011MA'),(492,'MA',2012,'$94,890 ','2012MA'),(493,'MA',2013,'$95,264 ','2013MA'),(494,'MA',2014,'$96,751 ','2014MA'),(495,'MA',2015,'$103,373 ','2015MA'),(496,'VT',2005,'$78,181 ','2005VT'),(497,'VT',2006,'$65,040 ','2006VT'),(498,'VT',2007,'$77,321 ','2007VT'),(499,'VT',2008,'$87,497 ','2008VT'),(500,'VT',2009,'$61,082 ','2009VT'),(501,'VT',2010,'$67,626 ','2010VT'),(502,'VT',2011,'$62,896 ','2011VT'),(503,'VT',2012,'$69,346 ','2012VT'),(504,'VT',2013,'$80,809 ','2013VT'),(505,'VT',2014,'$87,484 ','2014VT'),(506,'VT',2015,'$77,758 ','2015VT'),(507,'NH',2005,'$67,575 ','2005NH'),(508,'NH',2006,'$79,292 ','2006NH'),(509,'NH',2007,'$76,911 ','2007NH'),(510,'NH',2008,'$80,057 ','2008NH'),(511,'NH',2009,'$83,610 ','2009NH'),(512,'NH',2010,'$76,385 ','2010NH'),(513,'NH',2011,'$72,860 ','2011NH'),(514,'NH',2012,'$90,159 ','2012NH'),(515,'NH',2013,'$85,394 ','2013NH'),(516,'NH',2014,'$86,438 ','2014NH'),(517,'NH',2015,'$95,462 ','2015NH'),(518,'ME',2005,'$69,540 ','2005ME'),(519,'ME',2006,'$60,980 ','2006ME'),(520,'ME',2007,'$64,165 ','2007ME'),(521,'ME',2008,' n/a','2008ME'),(522,'ME',2009,'$67,361 ','2009ME'),(523,'ME',2010,'$68,909 ','2010ME'),(524,'ME',2011,'$67,940 ','2011ME'),(525,'ME',2012,'$78,253 ','2012ME'),(526,'ME',2013,'$75,728 ','2013ME'),(527,'ME',2014,'$87,212 ','2014ME'),(528,'ME',2015,'$67,715 ','2015ME');
/*!40000 ALTER TABLE `dice_salary` ENABLE KEYS */;
UNLOCK TABLES;

--
-- Table structure for table `itif_score`
--

DROP TABLE IF EXISTS `itif_score`;
/*!40101 SET @saved_cs_client     = @@character_set_client */;
/*!40101 SET character_set_client = utf8 */;
CREATE TABLE `itif_score` (
  `State` text,
  `Overall` double DEFAULT NULL,
  `Information Technology Jobs` text,
  `Managerial, Professional, and Technical Jobs` text,
  `Workforce Education` double DEFAULT NULL,
  `Immigration of Knowledge Workers` double DEFAULT NULL,
  `Migration of U.S. Knowledge Workers` double DEFAULT NULL,
  `Manufacturing Value Added` text,
  `High-Wage Traded Services` text,
  `Export Focus of Manufacturing and Services` text,
  `Foreign Direct Investment` text,
  `Job Churning` text,
  `Fast-Growing Firms` text,
  `Initial Public Offerings` double DEFAULT NULL,
  `Entrepreneurial Activity` text,
  `Inventor Patents` double DEFAULT NULL,
  `Online Agriculture` double DEFAULT NULL,
  `E-government` double DEFAULT NULL,
  `Broadband Telecommunications` double DEFAULT NULL,
  `Health IT` double DEFAULT NULL,
  `High-Tech Jobs` text,
  `Scientists and Engineers` text,
  `Patents` double DEFAULT NULL,
  `Industry Investment in R&D` text,
  `Non-Industry Investment in R&D` text,
  `Movement Toward a Clean Economy` double DEFAULT NULL,
  `Venture Capital` text
) ENGINE=InnoDB DEFAULT CHARSET=utf8;
/*!40101 SET character_set_client = @saved_cs_client */;

--
-- Dumping data for table `itif_score`
--

LOCK TABLES `itif_score` WRITE;
/*!40000 ALTER TABLE `itif_score` DISABLE KEYS */;
INSERT INTO `itif_score` VALUES ('Alabama',50.4,'1.4%','27.4%',0.35,14.7,13.5,'93.2%','8.5%',' $32,695 ','3.4%','27.0%','0.007%',4.03,'0.25%',0.039,3.08,80,3.6,3.92,'4.5%','3.0%',0.34,'2.0%','1.4%',5.6,'0.01%'),('Alaska',56.8,'1.5%','31.5%',0.43,14.7,14,'79.6%','7.5%',' $19,336 ','3.1%','46.5%','0.003%',4.03,'0.42%',0.046,4.63,80,4.3,3.93,'3.8%','3.7%',0.4,'0.7%','0.6%',4.47,'0.00%'),('Arizona',67.1,'2.2%','31.1%',0.41,12.2,13.3,'109.5%','10.2%',' $40,347 ','2.4%','41.6%','0.015%',5.48,'0.43%',0.097,2.11,80,4.8,5.32,'5.1%','3.4%',0.95,'3.6%','0.6%',5.45,'0.09%'),('Arkansas',44.2,'1.3%','26.6%',0.31,13.6,12.1,'91.0%','10.3%',' $25,241 ','2.4%','36.7%','0.000%',4.03,'0.31%',0.031,3.76,93.3,3.1,4.79,'2.9%','1.7%',0.28,'0.9%','0.3%',4.83,'0.00%'),('California',83.7,'2.2%','33.2%',0.44,13,14.2,'99.7%','12.9%',' $48,821 ','2.9%','26.8%','0.036%',7.51,'0.42%',0.147,5.56,96.7,5.2,4.8,'7.3%','4.5%',1.86,'5.0%','0.9%',4.92,'0.82%'),('Colorado',81.4,'2.7%','33.4%',0.53,13.8,14.4,'97.6%','11.6%',' $29,272 ','2.5%','42.6%','0.018%',6.84,'0.40%',0.106,5.49,93.3,5.8,5.73,'7.8%','4.8%',1.5,'2.8%','0.9%',4.62,'0.25%'),('Connecticut',77.6,'2.1%','35.3%',0.52,13,14.6,'108.8%','15.4%',' $37,641 ','4.6%','22.2%','0.025%',5.38,'0.33%',0.114,8.48,80,6.3,4.92,'5.5%','3.4%',1.44,'4.3%','0.4%',5.44,'0.07%'),('Delaware',85.1,'3.0%','32.9%',0.42,14.7,14.2,'109.7%','16.7%',' $80,301 ','5.6%','38.0%','0.020%',4.03,'0.27%',0.073,4.38,86.7,6.1,5,'5.5%','4.2%',1.94,'10.1%','0.3%',4.71,'0.02%'),('Florida',61.6,'1.6%','28.1%',0.4,11.9,13,'89.0%','10.7%',' $85,953 ','2.3%','43.2%','0.011%',5.12,'0.37%',0.1,5.48,73.3,5.3,4.62,'4.1%','2.3%',1.05,'2.6%','0.4%',4.88,'0.03%'),('Georgia',64.3,'1.9%','30.7%',0.41,12.1,13.1,'104.0%','11.3%',' $52,651 ','3.6%','41.1%','0.017%',5.05,'0.31%',0.066,3.84,90,4.7,4.79,'5.0%','2.8%',1.19,'2.0%','0.4%',4.8,'0.07%'),('Hawaii',48.4,'1.2%','29.0%',0.45,13.4,14.2,'61.1%','7.6%',' $15,240 ','3.1%','31.5%','0.006%',4.03,'0.29%',0.051,4.63,86.7,4.1,3.84,'3.0%','2.1%',0.71,'1.7%','0.7%',4.58,'0.00%'),('Idaho',62.3,'1.5%','30.0%',0.39,10.8,13.9,'103.7%','7.8%',' $48,915 ','1.5%','44.0%','0.007%',4.94,'0.40%',0.091,6.39,73.3,4.4,5.14,'5.2%','2.7%',1.35,'3.9%','1.2%',5.67,'0.03%'),('Illinois',67.1,'2.0%','32.1%',0.45,13.7,14,'99.6%','13.1%',' $50,532 ','3.6%','31.0%','0.012%',5.5,'0.21%',0.063,6.13,86.7,5.1,5.31,'4.8%','2.9%',0.98,'3.5%','0.6%',5.35,'0.10%'),('Indiana',54.6,'1.3%','26.6%',0.35,13.1,13,'102.0%','7.4%',' $29,715 ','4.0%','32.1%','0.008%',5.62,'0.23%',0.055,4.19,93.3,4.9,5.22,'4.0%','2.4%',0.63,'3.1%','0.5%',4.51,'0.03%'),('Iowa',54.8,'1.7%','28.1%',0.4,14.1,13.1,'96.4%','10.1%',' $30,812 ','2.5%','29.8%','0.002%',4.7,'0.22%',0.062,6.27,90,4.7,5.74,'3.6%','2.4%',0.59,'3.1%','0.6%',4.91,'0.00%'),('Kansas',57.3,'1.7%','28.3%',0.44,13.9,13.4,'93.7%','9.4%',' $25,848 ','3.2%','31.3%','0.010%',5.7,'0.25%',0.057,4.29,83.3,5,5.1,'4.5%','2.7%',1.06,'1.6%','0.4%',4.55,'0.04%'),('Kentucky',48.4,'1.3%','27.3%',0.33,13,12.5,'88.0%','8.8%',' $43,475 ','3.8%','32.1%','0.003%',4.03,'0.37%',0.033,2.8,93.3,3.8,3.95,'3.4%','1.9%',0.47,'1.7%','0.4%',4.59,'0.02%'),('Louisiana',47,'0.9%','26.5%',0.32,11.6,12.6,'112.5%','10.4%',' $80,577 ','2.2%','29.9%','0.002%',4.56,'0.37%',0.057,3.25,90,3.9,3.84,'2.4%','1.9%',0.45,'0.9%','0.3%',4.12,'0.01%'),('Maine',58.3,'1.3%','30.3%',0.41,13.5,14.2,'91.8%','8.4%',' $24,496 ','3.8%','39.6%','0.004%',4.03,'0.36%',0.05,8.48,80,5,5.04,'3.1%','1.8%',0.79,'1.3%','0.5%',5.9,'0.02%'),('Maryland',81.5,'2.9%','37.1%',0.53,13.7,14.6,'108.5%','10.7%',' $42,005 ','3.1%','35.2%','0.032%',5.65,'0.27%',0.086,4.38,86.7,6.1,3.99,'7.7%','5.0%',1.18,'2.9%','4.8%',5.07,'0.12%'),('Massachusetts',94.7,'2.9%','38.6%',0.55,12.5,14.9,'103.6%','12.8%',' $45,285 ','4.4%','30.3%','0.041%',7.46,'0.27%',0.146,8.48,90,6.8,6.14,'9.0%','5.3%',1.52,'4.3%','1.6%',4.33,'0.86%'),('Michigan',67,'1.8%','30.9%',0.39,14,13.5,'97.9%','9.0%',' $44,124 ','3.4%','33.3%','0.004%',4.45,'0.20%',0.083,4.81,100,5.6,5.72,'5.1%','3.8%',1.46,'5.5%','0.7%',4.88,'0.06%'),('Minnesota',71.7,'2.4%','32.7%',0.48,13.2,14,'102.4%','13.7%',' $31,117 ','2.7%','33.7%','0.011%',4.77,'0.19%',0.104,5.95,96.7,6.1,6.61,'5.7%','3.6%',1.18,'3.6%','0.4%',5.06,'0.10%'),('Mississippi',38,'0.7%','25.5%',0.32,10.5,12.7,'86.9%','6.7%',' $37,810 ','1.8%','29.2%','0.007%',4.03,'0.34%',0.025,2.41,90,2.8,5.36,'2.7%','1.3%',0.23,'0.6%','0.6%',4.61,'0.01%'),('Missouri',56.8,'2.4%','30.7%',0.39,13.9,12.8,'97.4%','11.2%',' $23,837 ','2.5%','27.3%','0.004%',4.5,'0.37%',0.047,2.94,93.3,4.5,5.34,'4.5%','2.9%',0.73,'2.5%','0.5%',4.76,'0.01%'),('Montana',54.4,'1.1%','28.4%',0.43,12.9,13.8,'94.2%','6.4%',' $24,744 ','1.0%','42.2%','0.005%',4.03,'0.43%',0.073,6.59,83.3,3.7,4.89,'2.9%','2.2%',1.17,'1.8%','0.7%',5.97,'0.01%'),('Nebraska',56,'2.1%','28.2%',0.43,13,13.5,'105.6%','12.4%',' $34,064 ','2.1%','29.3%','0.002%',4.77,'0.22%',0.079,5.84,93.3,5,4.27,'3.8%','2.8%',0.52,'1.7%','0.5%',4.72,'0.01%'),('Nevada',58.7,'1.1%','22.7%',0.34,12.2,12.7,'112.8%','8.0%',' $121,882 ','2.5%','37.9%','0.011%',4.9,'0.39%',0.091,2.11,80,5.1,4.46,'2.8%','1.5%',2.01,'3.0%','0.2%',5.07,'0.01%'),('New Hampshire',74.6,'1.9%','31.3%',0.49,14.6,14,'90.2%','11.1%',' $21,580 ','4.7%','36.8%','0.006%',4.81,'0.30%',0.113,8.48,80,6.8,5.6,'7.2%','3.4%',0.75,'4.0%','0.6%',5.97,'0.09%'),('New Jersey',75.4,'2.4%','32.9%',0.49,13.3,13.9,'89.2%','12.4%',' $55,413 ','4.5%','30.9%','0.018%',6.14,'0.24%',0.1,7.79,83.3,6.2,4.41,'6.5%','3.5%',1.66,'4.0%','0.4%',5.18,'0.09%'),('New Mexico',58.7,'1.5%','30.7%',0.4,12.1,13.7,'146.0%','6.6%',' $36,797 ','1.5%','34.2%','0.001%',4.03,'0.39%',0.08,2.01,86.7,3.2,3.9,'6.7%','3.0%',0.89,'1.2%','7.4%',4.45,'0.05%'),('New York',73,'2.0%','32.8%',0.48,12.3,14.5,'92.8%','15.6%',' $66,377 ','3.6%','36.5%','0.013%',5.58,'0.36%',0.081,4.7,93.3,5.7,4.8,'4.5%','2.5%',1.51,'2.3%','0.6%',5.55,'0.18%'),('North Carolina',63.1,'2.1%','29.4%',0.4,12.7,14,'105.0%','10.6%',' $32,757 ','3.7%','35.8%','0.010%',5.88,'0.27%',0.054,3.84,86.7,4.8,5.08,'5.5%','2.9%',0.86,'2.2%','0.7%',5.4,'0.05%'),('North Dakota',55.8,'1.3%','25.9%',0.43,14.8,13.7,'94.1%','8.1%',' $46,608 ','2.4%','38.3%','0.006%',4.03,'0.32%',0.046,6.34,90,5.6,5.54,'3.2%','2.1%',0.54,'1.6%','0.7%',4.03,'0.01%'),('Ohio',58.3,'2.0%','30.1%',0.37,13.7,13.2,'94.8%','11.6%',' $32,114 ','3.3%','29.4%','0.007%',4.32,'0.23%',0.061,3.89,96.7,4.3,6.46,'4.1%','3.0%',0.86,'2.7%','0.7%',4.54,'0.06%'),('Oklahoma',44.1,'1.3%','29.4%',0.35,12.9,12.5,'84.5%','9.0%',' $20,575 ','1.8%','30.8%','0.004%',6.03,'0.26%',0.052,3.63,76.7,3.8,4.22,'2.7%','2.2%',0.55,'1.2%','0.4%',4.29,'0.02%'),('Oregon',69.3,'1.7%','31.3%',0.44,13.9,14.2,'126.5%','10.7%',' $42,975 ','2.1%','35.5%','0.010%',4.31,'0.24%',0.098,6.99,86.7,5.9,5.45,'5.5%','2.9%',0.95,'3.8%','0.5%',6.16,'0.08%'),('Pennsylvania',63.2,'1.8%','29.7%',0.4,12.6,13.7,'99.4%','11.8%',' $29,906 ','3.7%','34.5%','0.014%',5.43,'0.18%',0.068,2.91,96.7,5.4,5.1,'5.0%','3.0%',0.87,'3.1%','0.7%',5.52,'0.09%'),('Rhode Island',66.8,'1.9%','30.7%',0.46,13.8,13.7,'88.8%','10.9%',' $19,229 ','4.5%','39.9%','0.008%',4.03,'0.21%',0.063,8.48,80,6.1,6.27,'5.2%','3.0%',0.9,'2.1%','1.9%',4.74,'0.18%'),('South Carolina',56.6,'1.4%','27.1%',0.38,13.3,13.4,'101.8%','9.3%',' $52,585 ','4.6%','31.6%','0.010%',4.58,'0.32%',0.047,3.25,80,4.3,4.13,'3.9%','2.6%',0.64,'1.7%','0.7%',5.82,'0.02%'),('South Dakota',49,'1.2%','26.6%',0.39,9.8,13.6,'81.6%','9.6%',' $20,041 ','1.5%','32.4%','0.000%',5.71,'0.30%',0.112,5,83.3,5.3,6.58,'2.8%','1.9%',0.38,'1.0%','0.4%',5.3,'0.00%'),('Tennessee',51.3,'1.4%','27.8%',0.35,12.4,13.2,'94.0%','8.9%',' $44,435 ','3.4%','25.0%','0.011%',5.79,'0.27%',0.054,2.71,96.7,4.3,4.15,'3.5%','2.2%',0.53,'1.4%','1.1%',5.13,'0.03%'),('Texas',65.2,'2.0%','29.7%',0.38,11.4,13.3,'109.5%','10.4%',' $108,586 ','3.0%','30.6%','0.015%',7.61,'0.40%',0.064,4.02,90,4,4.34,'5.1%','3.4%',1,'2.7%','0.4%',4,'0.08%'),('Utah',77,'1.7%','30.0%',0.46,13.5,13.5,'129.8%','11.6%',' $68,519 ','1.9%','43.4%','0.030%',5.56,'0.31%',0.18,6.18,100,6.3,3.22,'6.9%','3.3%',0.97,'2.8%','1.0%',4.22,'0.31%'),('Vermont',69.5,'1.4%','33.1%',0.51,14.5,15,'86.4%','6.9%',' $58,837 ','2.8%','41.0%','0.005%',4.03,'0.46%',0.057,8.48,80,5.4,6.71,'5.5%','2.5%',1.13,'2.1%','0.6%',5.81,'0.02%'),('Virginia',80.9,'3.3%','35.3%',0.5,13.8,14.5,'113.4%','13.2%',' $34,607 ','3.2%','36.1%','0.033%',4.93,'0.20%',0.066,3.11,93.3,6.1,5.55,'8.4%','5.4%',1.1,'2.7%','1.3%',5.3,'0.07%'),('Washington',82.5,'3.1%','34.2%',0.47,13.8,13.9,'107.7%','9.7%',' $87,353 ','2.5%','27.1%','0.024%',4.8,'0.27%',0.097,6.61,76.7,6.6,4.87,'7.1%','5.9%',2.94,'3.5%','0.9%',6.08,'0.27%'),('West Virginia',39.8,'1.2%','27.7%',0.28,12.8,12.6,'83.8%','6.7%',' $30,250 ','2.8%','28.9%','0.000%',4.03,'0.18%',0.032,2.5,96.7,3.6,4.85,'2.4%','1.6%',0.43,'1.0%','0.6%',4.46,'0.02%'),('Wisconsin',57.8,'1.8%','28.0%',0.4,12.2,14.1,'94.2%','10.3%',' $27,307 ','2.5%','30.6%','0.003%',5.11,'0.21%',0.073,5.75,83.3,5.9,6.47,'4.4%','2.8%',0.63,'2.6%','0.6%',5.13,'0.04%'),('Wyoming',48.1,'0.9%','26.8%',0.38,13.8,13.2,'83.4%','6.1%',' $30,519 ','2.1%','35.7%','0.003%',4.03,'0.23%',0.076,6.63,80,4.7,4.54,'2.0%','2.2%',1.86,'0.9%','0.2%',4.56,'0.00%');
/*!40000 ALTER TABLE `itif_score` ENABLE KEYS */;
UNLOCK TABLES;

--
-- Table structure for table `states`
--

DROP TABLE IF EXISTS `states`;
/*!40101 SET @saved_cs_client     = @@character_set_client */;
/*!40101 SET character_set_client = utf8 */;
CREATE TABLE `states` (
  `US State:` text,
  `Abbreviation:` text
) ENGINE=InnoDB DEFAULT CHARSET=utf8;
/*!40101 SET character_set_client = @saved_cs_client */;

--
-- Dumping data for table `states`
--

LOCK TABLES `states` WRITE;
/*!40000 ALTER TABLE `states` DISABLE KEYS */;
INSERT INTO `states` VALUES ('Alabama','AL'),('Alaska','AK'),('Arizona','AZ'),('Arkansas','AR'),('California','CA'),('Colorado','CO'),('Connecticut','CT'),('Delaware','DE'),('Florida','FL'),('Georgia','GA'),('Hawaii','HI'),('Idaho','ID'),('Illinois','IL'),('Indiana','IN'),('Iowa','IA'),('Kansas','KS'),('Kentucky','KY'),('Louisiana','LA'),('Maine','ME'),('Maryland','MD'),('Massachusetts','MA'),('Michigan','MI'),('Minnesota','MN'),('Mississippi','MS'),('Missouri','MO'),('Montana','MT'),('Nebraska','NE'),('Nevada','NV'),('New Hampshire','NH'),('New Jersey','NJ'),('New Mexico','NM'),('New York','NY'),('North Carolina','NC'),('North Dakota','ND'),('Ohio','OH'),('Oklahoma','OK'),('Oregon','OR'),('Pennsylvania','PA'),('Rhode Island','RI'),('South Carolina','SC'),('South Dakota','SD'),('Tennessee','TN'),('Texas','TX'),('Utah','UT'),('Vermont','VT'),('Virginia','VA'),('Washington','WA'),('West Virginia','WV'),('Wisconsin','WI'),('Wyoming','WY');
/*!40000 ALTER TABLE `states` ENABLE KEYS */;
UNLOCK TABLES;
/*!40103 SET TIME_ZONE=@OLD_TIME_ZONE */;

/*!40101 SET SQL_MODE=@OLD_SQL_MODE */;
/*!40014 SET FOREIGN_KEY_CHECKS=@OLD_FOREIGN_KEY_CHECKS */;
/*!40014 SET UNIQUE_CHECKS=@OLD_UNIQUE_CHECKS */;
/*!40101 SET CHARACTER_SET_CLIENT=@OLD_CHARACTER_SET_CLIENT */;
/*!40101 SET CHARACTER_SET_RESULTS=@OLD_CHARACTER_SET_RESULTS */;
/*!40101 SET COLLATION_CONNECTION=@OLD_COLLATION_CONNECTION */;
/*!40111 SET SQL_NOTES=@OLD_SQL_NOTES */;

-- Dump completed on 2016-10-29 13:19:13

/*
appended post-processing SQL by @vandivier, not programmatic
some of these steps are only needed if you are importing the CSVs instead of running the script. They are commented out.*/

/*
ALTER TABLE `dice_analysis`.`dice-salary` 
RENAME TO  `dice_analysis`.`dice_salary` ;

ALTER TABLE `dice_analysis`.`itif-salary` 
RENAME TO  `dice_analysis`.`itif_salary` ;

ALTER TABLE `dice_analysis`.`itif_score` 
CHANGE COLUMN `High-Tech Jobs` `High_Tech_Jobs` TEXT NULL DEFAULT NULL ;

ALTER TABLE `dice_analysis`.`itif_score` 
CHANGE COLUMN `Workforce Education` `Workforce_Education` DOUBLE NULL DEFAULT NULL ;

ALTER TABLE `dice_analysis`.`states` 
CHANGE COLUMN `US State:` `US_State` TEXT NULL DEFAULT NULL ;

ALTER TABLE `dice_analysis`.`states` 
CHANGE COLUMN `Abbreviation:` `Abbreviation` TEXT NULL DEFAULT NULL ;
*/

/*Uncheck safe mode from Edit -> Preferences -> SQL editor to allow delete this way*/

/*
DELETE from itif_score Where State = 'Average';
*/

SELECT itif.Overall, itif.High_Tech_Jobs, itif.Workforce_Education, dice.salary, dice.year, dice.state

/*ref: http://stackoverflow.com/questions/356578/how-to-output-mysql-query-results-in-csv-format */
/* path must comply with the value of secure-file-priv declared in MySQL 5.7\my.ini */
INTO OUTFILE 'C:/ProgramData/MySQL/MySQL Server 5.7/Uploads/dice-salaries.csv'
FIELDS TERMINATED BY ','
OPTIONALLY ENCLOSED BY '"'
LINES TERMINATED BY '\n'

FROM dice_analysis.itif_score As itif
INNER JOIN states
  ON states.US_State = itif.State
INNER JOIN dice_salary As dice
  ON dice.state = states.Abbreviation;
